event_id,name
1013876188632714,Bao trọn gói khi làm báo cáo tài chính cuối năm 2015. Giả cả rẻ và uy tín. Có chứng chỉ CPA, kinh nghiệm làm kiểm toán và hoàn thuế.
725340260922835,Lễ trao giải cuộc thi "Viết về mẹ" - Phụ Nữ Ngày Nay
1646169172322185,Ra mắt sách MÁI TRƯỜNG THÂN YÊU - THẦY GIÁO CỦA NHỮNG HỌC SINH GIỎI TOÁN
1929229167303058,Heo Khung We
471379523018564,[CEO Series] Topic: Modern Banking and the Universal Banking Model
800361323357823,Chuyển nhượng dự án trung tâm HCM
425263714300648,RMIT University Vietnam Cao đẳng Đại học
795615873894893,Merry Christmas
1656182334649628,Party Cty mp Gia Nguyễn
1053742441317347,PhuQuoc Meeting
1591204524467956,Suur seiklus Kagu-Aasias 2016
204623723202537,Authentic Vietnam
523608244484258,LỚP HƯỚNG DẪN LÀM RAU CÂU 3D HOA CHÌM CƠ BẢN
1663241800631364,KHAI MỞ NĂNG LỰC CHỮA LÀNH TRONG BẠN
583936238376872,NGHỀ XÂY DỰNG VỚI QUY TRÌNH LÀM VIỆC MANG LẠI UY TÍN TUYỆT ĐỐI CHO BẠN - NHẬN LÀM ĐỒ ÁN TỐT NGHIỆP XÂY DỰNG DÂN DỤNG TRỌN GÓI
1635825589968063,MỨC PHÍ TỐT NHẤT CHO BẠN - BÁN ĐỒ ÁN XÂY DỰNG - BÁN TÀI LIỆU XÂY DỰNG
564979970316422,THAM QUAN DỰ ÁN CÁT TƯỜNG PHÚ NGUYÊN
311946042319623,Thoi nôi heo con
289702337887148,ngày thành lập đảng
322719451185700,Hội thảo “Việt Nam đã sẵn sàng tham gia cộng đồng kinh tế ASEAN”
1735264416705550,Khóa học: NÂNG CAO NĂNG LỰC QUẢN LÝ CẤP TRUNG CHO DOANH NGHIỆP
126357494383048,Plastics & Rubber Vietnam 2016
896603930394641,20 - 11 Môt thoáng đế nhớ
187063218296622,CEO PUBLIC SPEAKING
555949701234891,TUYỂN, DÙNG, GIỮ VÀ SA THẢI NHÂN SỰ - Lê Thẩm Dương
1087612831273155,Lớp Tiếng Anh Chuyên Ngành Logistics
820001494809516,GIỌNG HÁT VIỆT NHÍ 2016  [Thu âm vòng Online Audition]
1637400096532178,Diễn đàn phát triển kinh doanh và trao đổi hợp tác Nam-Nam giữa các nước Châu Phi và các nước Pháp ngữ khu vực Mekong
1495218810806969,[International Univeristy -VNU] 35th Year Anniversary Terry Fox Run
549806141786714,NHẬN LÀM ĐỒ ÁN TỐT NGHIỆP XÂY DỰNG TRỌN GÓI 100% TỐT NGHIỆP <CÙNG NGHỀ XÂY DỰNG CHIA SẼ CẨM NANG XÂY DỰNG HAY - SỔ TAY THỰC HÀNH KẾT CẤU CÔNG TRÌNH. TG.VŨ MẠNH HÙNG>
500423840117190,Andy Moor @ OnePlus in Ho Chi Minh City, Vietnam
1653260184922609,Latin Night with Bad Neighbour - Live @ Saigon Ranger
496623987186051,KHUYẾN MÃI THÁNG 12 TẠI HAIR SALON NGUYỄN HƯNG
1621475224798262,Chia sẽ cùng NXD - GT VẼ KỸ THUẬT XD - Làm Thuê Đồ Án Tốt Nghiệp Xây Dựng - Nhận Làm Đồ Án Môn Học Xây Dựng Trọn Gói 100% Bảo Vệ Thành Công
1027014540663777,Ferenc Snétberger-Paolo Vinaccia Duo
1502326910082235,Chương trình Bác Ái Lần thứ 23 - Campuchia
1549983025247178,Mở bán căn hộ cao cấp ngay trung tâm quận 6, quận 8, quận Bình Tân
407782336098134,IDC-Cisco Connex TelePresence Roundtable #3
714237438711761,THANKSGIVING DINNER
1683213978558267,SỨC KHỎE & SẮC ĐẸP TỪ NATURALLY PLUS JAPAN * $$$$$$$$ * HMC Tower, 193 Dinh Tien Hoang Street, Da Kao Ward, District 1, Ho Chi Minh City
1021954607820116,SN: Thanh vân
874334249323234,Ngày hội mua sắm và giải trí Hoa Học Trò GarageSale Sài Gòn
699502706817410,Phiên chợ cuối năm
920834441318402,Công bố thời khóa biểu
1714914705410262,PHUQUOC MEETING
1115755325103483,Certified Professional Coach (5-day Intensive Coaching Development Program)
172015596484680,Merry chirstmas
497474997090416,CAREER COMPASS - ĐẶT CHÂN NGAY VÀO THẾ GIỚI MARKETING & COMMUNICATIONS
830806940365171,Andy Moor @ PocPoc in Ho Chi Minh City, Vietnam
611788072227233,Dự án : Quỹ hỗ trợ cho bệnh nhân nghèo
1495816200713532,KHAI TRƯƠNG CĂN HỘ MẪU WESTERN DRAGON
287222901477269,PhanNguyễnSơnAnh
1623594147896348,QUY TRÌNH THANH TOÁN - BÁN ĐỒ ÁN XÂY DỰNG - BÁN ĐỒ ÁN TỐT NGHIỆP XÂY DỰNG
1679792062266373,Hpbd gấu mẹ
543887232441917,TRIỂN LÃM QUỐC TẾ VỀ CÔNG NGHỆ HÀN CẮT & GIA CÔNG KIM LOẠI VIỆT NAM LẦN THỨ 4 - METAL&WELD 2015
1671070769775735,『なぜ今、シュンペーターなのか』秋元征紘氏 出版記念講演 in ホーチミン
165949957093452,Ngày Chống Ế
844647615632924,RMIT Hanoi Personal Edge Workshops
137344333288686,Hợp Lớp 12 Trường Phan Đăng lưu
758027511009337,35 năm Thành lập Trường THPT Đầm Dơi - Sài Gòn về nguồn nào ^_^
883542348401279,WORKSHOP Giới thiệu 3 Khóa học Nhập môn- Concept Art- Mobile Game Art
1730971613793176,28/11/2015
1171526676197953,Vé Máy Bay Giá Rẻ 2016
122319864779198,Thôi nôi bé Kiwi
1701251846786746,Bé học xếp giấy: Origami
295802357281978,Sinh nhat
1678424979065826,Hello Sale Hunter 28,29/11
1903560073203000,Gwennili @ Saigon Outcast
922981211110550,Khai mạc Năm Thánh Lòng Thương Xót
923304757761862,Off Nhẹ Và Nhận Áo Team
573130449507448,Big Sale HMI Weintek MT6070iP 3TR/1PCS
915555705185172,Exclusive Bordeaux Chateau wine dinner with Michelin Chef Michel Portos
906260389439210,The 4th Int'l Exhibition on Metalworking and Welding Technology - Metal & Weld 2015
1674987226048875,RMIT GradKnight 2015
834368140009548,Bóng Đá 20.11
1634811676806312,Ngày hội Robothon Quốc tế 2015
910435195709879,3rd Annual Mass Yoga Practice-2015
161856760820431,Huynh Ngan & Abraham Jayanathan's wedding
1651077358490304,Young Talent Training Camp
778725858916053,Soiree Beaujolais Nouveau . Animation musicale, Ferme vivante , Mechoui et Tombola avec de nombreux lots a gagner
1094343180578474,OFFLINE MỪNG SINH NHẬT TUỔI 15 CỦA THIÊN TỈ
290760277789958,Mua 1 tặng 1, giảm lên đến 50% tại Mỹ Phẩm ToDay --- > Tìm Hiểu Thêm
553707154776476,BEFORE  I DIE, I  WANT TO.
812616372150574,Cho thuê nhà Đồng Khởi - Lê Lợi - Đông Du - Lê Thánh Tôn - Ngô Đức Kế
1640299296249931,Caravan XI-2016: Đông Bắc Biên Cương
761192977359465,TAP2 - Hang order - Quan ao cho Mua Thu Mua Dong /  Ao thun, so mi, vay dam, quan jean, quan short
1695189700704438,POUR NOEL  OFFRONS UN TOIT AUX ENFANTS DU DRAGON APPEL A MECENAT - Evenement PUBLIC -
344774822319519,Cau lac bo tieng Anh The gioi
1674692909412629,Marco MEI @ The Observatory in Ho Chi Minh, Vietnam
516654305161658,Live music with songwriter BILLY PAGE
505817212923414,Trò chuyện với Gs Tôn Thất Nguyễn Thiêm về "Nghề Nghiệp và Cơ Duyên"
928651557224644,ME Music Contest - Chung kết văn nghệ khoa CN Cơ Khí - IUH
865239423567345,DAVICHI FICTION - TIỂU THUYẾT
448681385319878,Home Game #4: Saigon Heat - Malaysia Dragons (28.11)
1049885751717830,Mundo Lingo Language Social (Saigon #5
453886348128558,Họp LỚP Dịp TẾT
889333704435896,CHỈ DUY NHẤT TẠI NGHỀ XÂY DỰNG - ÔN TẬP VÀ BẢO VỆ ĐỒ ÁN TỐT NGHIỆP XÂY DỰNG 100% TỐT NGHIỆP
148665628826112,Boom Boom
963826993656703,Trải nghiệm LIN Ơi, Mình Đi Đâu - Công cụ mới để gắn kết nhân viên
863818937066030,Tape Machine / The Lost Art / Ryan Thompson
373398742850800,HappyBirthday_23/02/1978/2016
860589890663853,Akira Yamamoto
1632099843710739,Buổi trao sách
1420029494955927,Hội Thành Viên Moon coffee ( Giảm 20% khi bạn là Thành Viên)
934165203347159,KỸ NĂNG GIÁM SÁT KINH DOANH
622805614525410,DreamTrips - Thanh Pho Ho Chi Minh, Ho Chi Minh, Vietnam
1633215753600006,KỶ NIỆM 6 NĂM THÀNH LẬP HĐB (2010 - 2016)
1097525770265879,Tuyển Nhân sự nguồn CLB Khởi nghiệp Sáng tạo
625905840883347,OSKAR OFFERMANN (WHITE, Mule - Berlin) - Supported by KIN (The Observatory)
766149570092158,Ấn Tống AN SĨ TOÀN THƯ
1048580948520263,Tiệc Gấu
196339154035041,KIds Christmas with Santa @ Britz
1617910321803458,Họp báo ra mắt single Sầu Lẻ Bóng - ca sĩ Tiểu My
134546073570468,Kỹ năng kiểm soát số liệu kế toán thuế, LẬP - ĐỌC - PHÂN TÍCH Báo cáo tài chính, Báo cáo quyết toán thuế TNDN  | KHAI GIẢNG 27/11/2015
1519188885061886,ĐÊM NHẠC GÂY QUỸ TỪ THIỆN : SẺ CHIA YÊU THƯƠNG "
547834262048687,Họp mặt mấy bạn trẻ đi chơi
1530259643962493,Mở bán đợt cuối  căn hộ Hưng Phát Silver Star MT Nguyễn Hữu Thọ
503683439801590,TAS Christmas Bazaar 2015 / Chợ phiên Giáng sinh TAS 2015
189465291389771,ĐÊM VĂN NGHỆ TRI ÂN THẦY CÔ
630508290397731,Vietnam to Cambodia Bike Ride
1510017685963283,HỘI TRAI TRUYỀN THỐNG: TÔI SINH VIÊN KHOA THƯ VIỆN - THÔNG TIN HỌC LẦN VII
1662150460691759,20/11
184997641682726,Chào Tân sinh viên 2013
979805182080949,Workshop may áo dài cách tân buổi 2 của Nghệ thuật cắt may TP Hồ Chí Minh
185119101830875,GIAO LƯU & CHIA SẺ KINH NGHIỆM TRONG GIAO DỊCH TÀU RỜI 2015
116156808747985,DISC - Thuật thấu hiểu lòng người
1723582064530645,[HCM] The first date - QingYuVN offline   Qing's b'day party
721833651225261,Nhận làm bằng đại học uy tín hcm 0962984016
420322011496986,Reggae Sunday - 22 Nov @ Saigon Outcast
1651991358358984,Nhân dịp ngày đầu tiên của trang điện lạnh Phi Bảo Phát
1018082681585838,Chia Sẻ Đặc Biệt: "Biết - Hành Động - Giàu Có"
1654326954816284,Tri ân khách hàng 01/12/2015
631265380347638,Touch Fes 2016
103780789985311,[Workshop] Ăn uống vẹn toàn
1654600748150652,Khai giảng lớp phát âm và luyện nói IELTS - Sonus Level 2
1058521250847143,Họp Mặt Cộng Đồng Người Chuyển Giới 2016 (MTF)
406829072835666,Hội chợ Thương mại Quốc tế Việt Nam
1708577069371002,Giải vô địch sinh viên mở rộng
1539218623005421,Wine Party
122286908135599,NHẬN VÉ XEM HÒA NHẠC BAN NHẠC BRANDT FRAUER BRICH MIỄN PHÍ
1492874717709061,Tour đạp xe Suối Tre + đón Ái (thành viên SGT đạp xe HN - SG)
1681847088719406,Yếu tố cá nhân và gia đình quyết định việc trao quyền ở người phụ nữ
760571560721186,Kỷ niệm 15 năm thành lập Bộ môn CNSH - Vận động quyên góp quỹ cựu sinh viên
423433421147044,Sinh Nhật
860089147410653,QUY ĐỊNH KHÔNG THAY ĐỔI TẠI NGHỀ XÂY DỰNG - NHẬN LÀM ĐỒ ÁN TỐT NGHIỆP XÂY DỰNG & ĐỒ ÁN MÔN HỌC XÂY DỰNG
478515825661630,QUẢN TRỊ NHÂN SỰ: "NĂM MỚI, LƯƠNG MỚI - NHẤT CỬ LƯỠNG LỢI"
529715233844807,Quản Lý Dự Án theo Tiêu Chuẩn Quốc Tế PMBOK®: HỌC ĐỂ LÀM
1022059251192311,Thi Hết Môn EG009; EG013 ; EG020
587786681361995,Liên hoan Ẩm thực Món ngon các nước - Taste of The World
914371738641561,Nhận ôn tập bảo vệ đồ án tốt nghiệp xây dựng 100% tốt nghiệp
177454309268293,Sự kiện - lễ hội 20.11: Cô giáo như mẹ hiền
1084051461628235,DreamTrips - Thanh Pho Ho Chi Minh, Ho Chi Minh, Vietnam
1713200985567912,LIÊN HOAN VĂN NGHỆ MỪNG SINH NHẬT CLB TÀI NĂNG SÂN KHẤU
1631223837143296,CLUB FRANCOPHONE DE L’IDECAF  (9ème saison) Nº65 Samedi 12 décembre 2015 14h-17h 4ème vide-greniers de l’Idecaf
171696766513692,XUÂN BIÊN GIỚI - NGHĨA TÌNH ĐẤT ĐỎ
476644089188378,Ngay Hoi Phu Nu Tan Thanh Gap Mat.
1526178380956987,đá banh 2016
182401922107555,Kích Hoạt Siêu Giác Quan cho Trẻ
1022795431076237,Bicycle Corporation @ The Observatory in Ho Chi Minh, Vietnam
1647685948816343,Terminal & Javana - Live Rock Music @ Saigon Ranger
1490950977872749,Mở bán căn hộ cao cấp LAVITA Garden: 2 phòng Ngủ, liền kề Thảo Điền Quận 2, ngay ga Metro số 10, giá chỉ từ 1tỷ2 !!!
455637751283813,iziShare GÒ VẤP - Chia sẻ bí quyết nói tiếng Anh tự tin, Thứ 3 hàng tuần
926958700717655,Heart Beat (Saigon) @ 3 YEARS HEART BEAT W. MØRBECK // CODE IS LAW & THE...
928409903911002,Liên hoan lớp TC1.QTKDK2014
1030531373658886,Đến Hẹn Lại Lên! Họp Mặt Thường Niên 2015 - 2016 X3C1
795736280537475,Vietnam/Cambodia Cycle
1163434467004393,Book, wine, music & more – book club // @deciBel
1626927544222999,Chút Lạnh - Acoustic Night
1736551943239729,Căn hộ Haven Park công bố thông tin chính thức
484435615060571,Tại Đà Nẵng: Chương trình Tư vấn Sinh Trắc Học Dấu Vân Tay
524628811027230,Khóa học "Kỹ năng kiểm soát số liệu kế toán thuế, LẬP - ĐỌC - PHÂN TÍCH Báo cáo tài chính, Báo cáo quyết toán thuế TNDN"
963139843743501,Góc Pháp Luật lần 4 - SOẠN THẢO VÀ THƯC HIỆN HỢP ĐỒNG TRONG KINH DOANH THƯƠNG MẠI
614363315369846,Tri Ân Thầy Cô
133798883645899,HỘI CHỢ THƯƠNG MẠI MÙA ĐÔNG 2015
423555677848446,Grokking Meetup #6 - Coding Challenge
136941413335064,[BIG OFFLINE] [HCM] HAPPY ANNI 1000days WITH #DOPE BOY
520820201413981,DreamTrips - Thanh Pho Ho Chi Minh, Ho Chi Minh, Vietnam
686337388133063,Exciting trip to Vietnam and Cambodia!!!!.....
569504093201752,Lễ Kỉ Niệm Ngày Nhà Giáo Việt Nam
1485905395049069,Khóa học: MISSION - A LIFE WITH PURPOSE
551504168321268,[BAC] - [SE02] - Khai Giảng "Software Estimation"
1017664094920484,MADONNA & BRUNO MARS TRIBUTE NIGHT!!!
959475154113973,JUNGLE BIKING CHALLENGE #4
109223046104807,Khoảng lặng tâm hồn
197446043924959,Afterwork UFE Avenir
1004501272934293,NĂNG LƯỢNG NGÀY MỚI LẦN 2 - 300 SUẤT ĂN SÁNG CHO BỆNH NHÂN
491548331013231,M.A.N DEBUT PARTY
2111249605680682,LA GRANDE SOPHIE
1640768362814765,Gặp gỡ chuyên gia phân tích thị trường hàng đầu Janne Muta
1026266517404863,Tổng khai giảng chương trình đào tạo ĐỒ HỌA ĐA TRUYỀN THÔNG
1203504226329979,Hợp Lớp
460279074035746,ORDER ÁO, ÁO KHOÁC, PHỤ KIỆN BIGBANG & 2NE1
886142568130408,Mua Bán Nón Việt Nam Racing boy
662646320504428,Hươńg Đến Giải B
901441069942273,RMIT Saigon Personal Edge Workshops (Dec 2-3)
425460684316190,Sự Kiện Event Mở bán Tòa Park 7 dự án Vinhomes Central Park "Thiên Đường Xanh Trong Lòng Sài Gòn"
1489600091342084,Black Friday
428599100683903,Di ve tham co may ma oi
529563610524332,Winter Convention 2015
880625092051974,Triễn Lãm Bút Khắc
1643882742553367,Pur tham gia hội chợ Thái Lan 9-13 tháng 12
1105684389456261,Hội chợ thương mại hàng Thái Lan
941536949250740,TỐI THỨ 3 ĐÁ LUYỆN TẬP LÚC 7h30
1045203018844119,DreamTrips - Thanh Pho Ho Chi Minh, Ho Chi Minh, Vietnam
977812568945998,Họp mặt anh em Tây An
1705848732980878,Hội thảo du học Singapore vừa học vừa thực tập hưởng lương, học bổng 200 triệu
1526600467663466,The Empty Pockets @ Van's Unforgettable in Ho Chi Minh City, Vietnam
1710798212475019,Họp mặt K4 - Khoa Du Lịch - Văn Lang University
710550929046509,Student interviews - Ho Chi Minh City, Vietnam
637763486326266,ĐÓN GIÁNG SINH TƯNG BỪNG QUÀ TẶNG từ ngày 1/12/2015 đến 1/3/2016
1520074744979126,QUANG NAM CUP 2015
764871663617846,THI THỬ TOEIC VÀ TƯ VẤN KỸ NĂNG LÀM BÀI TOEIC MIỄN PHÍ
995780907108446,DỰ ÁN "CHIA SẺ GÁNH NẶNG TÀI CHÍNH" - DREAM ON
464495213732121,THÔNG BÁO HỌP MẶT FCV - 2015
918871914872024,Phỏng vấn Hiệu trưởng trường British Vietnamese
538279132989832,LẬP KẾ HOẠCH KINH DOANH VÀ NGÂN SÁCH TRONG BỐI CẢNH HỘI NHẬP
250309228458366,2013/11/09 Từ Thiện: Ở Sóc Bom Bo - Một tấm lòng - Một vòng tay
1647213525551952,CEO TALK: FROM A TRADER TO THE CEO OF HSBC VIETNAM
423717384415158,Đêm nhạc từ thiện " Ngày Ấy Đâu Rồi" Thứ 6 (30/08/13) và Thứ 7 (31/08/13)
732668420104638,Thi Tuyển Công chức Nhà Nước Khu Vực MIỀN TRUNG
1514442105515513,Happy Birthday Yong Jun Hyung
833345673438906,tran hoang huy sinh ngay 28 thang 3 nam 1993
527385800759438,Đón tàu Thanh niên Đông Nam Á - Nhật Bản 2015 tại TP.Hồ Chí Minh
608762552594198,iziTalk - Bí Kíp Thuyết Trình Tiếng Anh Siêu Đẳng
448725071997866,Lễ kỷ niệm ngày Nhà giáo Việt Nam (20/11) (khối chiều)
440080242853908,1 Triệu Lượt Nghe Để Tung Mv " Xuân Đẹp - Xuân Vui Ca Sĩ Hà Trọng "
981889315202456,Khai giảng khóa học SAP- Khóa 13
520514754791299,Toy Festival
623228254478204,Travel Ho Chi Minh Vietnam's
522359454596124,Startup Essential: Finance for Founders
758722094239535,Hội thảo “6 bước xây dựng doanh nghiệp thành công”
489393957905197,SharePoint Saturday Vietnam - 9th Event
400098013518097,Quần áo chất lượng giá rẻ nhân dịp khai trương giảm 5k trên 1 sản phâm
1635747950032736,Chợ phiên công nghệ Ai Bán - Ai Mua (tháng 11)
1649728361965138,BỮA CƠM SẺ CHIA
476987945841463,KHÓA HỌC SEO-MARKETING ONLINE - ĐÁNH THỨC TIỀM NĂNG KINH DOANH TRONG BẠN
437640613108386,Sinh Nhật 1 Tuổi Nhà Chung DLSG Confession
1703998466479897,JAZZ NIGHT - SHUN SAKAI & JEAN
1713321348901216,Ik Chơi Ngày 20 /11
812682272086879,Truyền hình cáp FPT mới nhất
730257527106351,Thi đấu giải Cầu lông Gò Vấp
1511611085832695,Grand Opening
692439370844720,Thời trang VũVi75k
993550154026187,Concert "GOODBYE SAIGON" & "Spécial Françoise Hardy" by Thắng Donna
1077965492215167,CƠM "TỰ THIỆN CHO NGƯỜI LANG THANG" T11/2015
386793968071363,Tư vấn tuyển sinh
1573780222895939,Ngày hội Mottainai 2015: Trao yêu thương - Nhận hạnh phúc
818042981641643,CỰC TÂY – MÙA HOA DÃ QUỲ
129355694077723,PHƯƠNG PHÁP ÔN TẬP VÀ BẢO VỆ ĐỒ ÁN TỐT NGHIỆP XÂY DỰNG - 100% BẢO VỆ THÀNH CÔNG
878757162239970,20 thang muoi mot sinh nhat cua Tinaquyen
1498653180428945,QUY ĐỊNH KHÔNG THAY ĐỔI TẠI NGHỀ XÂY DỰNG - NHẬN LÀM ĐỒ ÁN TỐT NGHIỆP XÂY DỰNG & ĐỒ ÁN MÔN HỌC XÂY DỰNG
1661302524107965,[ĐĂNG KÝ THAM DỰ HỘI THẢO CÁC BỆNH HẬU MÔN TRỰC TRÀNG]
461298460744205,CUỘC THI UỐNG BIA "MÃNH HỔ VÀNH ĐAI XANH" LẦN III - T11/2015
144182839271602,Quản Lý Dự Án theo Tiêu Chuẩn Quốc Tế PMBOK®: HỌC ĐỂ LÀM
1021939417856219,Thi Học Kì 1
543655185782549,VIFA Fair 2016 (8 March to 11 March, 2016)
185859111756213,Jonathan Mendelsohn @ HEINEKEN GREEN ROOM in Ho Chi Minh City, Vietnam
387390881440218,Hoi Chuong Lam Dao
157307111289538,IFD - International Friendship Day
489692841197214,Triển Lãm ảnh MY BHUTAN
1520378681616309,EFR Study Trip
1517636418547610,The Terry Fox Run
1525089304475624,HỘI THẢO THAI KỲ CÙNG BÁC SĨ BV TỪ DŨ  " CHƯƠNG TRÌNH TẤT XANH " chủ đề " CHO LẦN ĐI SANH TẠI BV TỪ DŨ "
1087227407978907,Quản Lý Dự Án theo Tiêu Chuẩn Quốc Tế PMBOK®: HỌC ĐỂ LÀM
1632060023722646,Nộp Tiểu Luận
796359963823801,YES After Work - Christmas Edition
1476923892615259,Tụ tập - Họp mặt
420982094765037,Lễ Mở Bán Đợt Đầu Tiên Dự Án  RICHSTAR
1688942238016353,Sampling Party
423850587821938,"Sống với giá trị NLP" cùng Helena Hien Vo
1478733555721515,خطوبه
1572972479649356,Sinh nhật chị Nguyễn Thị Hương
1709368572623324,Thuê mặt bằng cho Ngân Hàng & Kinh doanh Dịch vụ
326413324149212,DU HỌC NHÀ HÀNG KHÁCH SẠN TẠI THỤY SĨ !
141783372845728,LATE NIGHT WITH DIANA AND BRIAN
1557137024539335,Sự kiện "Tự Giới Thiệu" - Gắn kết tình củm BGV
785083881617402,A Night with Jonathan Atherton
102512316777907,Tụ họp tại ngôi trường cũ
1676106492658615,WIAL Vietnam - Foundations of Action Learning
1502150523415752,Phát triển sự nghiệp và Xây dựng thương hiệu cá nhân
963246437103211,MỘT SỰ KIỆN HOÀNH TRÁNG CỦA SAPPORO
567729483375642,Phú Yên
1517252088592543,Mini Show "ĐÊM NHẠC CHĂM" 2 - Chủ đề: DÂN CA CHĂM
519090021584170,NGÀY HỘI VENTURECUP 2015
1405303876431734,Mesa Redonda Para Discutir Se É Peita Ou Camiseta De Banda
958768017523015,San Pham Cao Cap Voi Gia Uu Dai Danh Cho 50 Ban Nhanh Nhat
1652058751713806,Asia Ventures Summit - 第7回 和僑世界大会inホーチミン -
989215157823834,Clinic Session || Climbing coaches: Janet Goh
1059918304040852,Hop mat lam banh mochi
1113119658705635,sn zk iu
432421033631860,Về lại trường xưa
1067367756630256,tuanh ngoc thuy
1229112313782698,BASS REPUBLIC @ LUSH's FRONT ROOM
1616257998636516,Trưng bày sản phẫm
879336822135979,PASSING ON THE MANTLE 2016
492973564196201,Coffee Talk: Tôi chân ngắn, đi để thấy mình nhỏ bé - Kỳ 2
930911803642892,CUỘC THI ẢNH HOT TEEN FACEBOOK SOCIU LẦN 2
142489732775742,[HCM] "CHÁO NÓNG ĐÊM KHUYA - ẤM TÌNH THÂN ÁI" LẦN 3, ĐÊM 21/11/2015
115510352145960,YOLA DREAM TOUR 2015 - STEP BEYOND
1552412775048787,GLOBAL DAY
1708970406004977,DIỄN ĐÀN LÃNH ĐẠO TRẺ VIỆT NAM 2015
1652546251661088,[HCM] HỘI THẢO F2-KẾ TOÁN QUẢN TRỊ
1642044482711178,Triển lãm và Hội thảo Quốc tế lần thứ 11 về Công nghệ xử lý, chế biến và đóng gói bao bì tại Việt Nam
1508347219459135,DreamTrips- Thanh Pho Ho Chi Minh, Ho Chi Minh, Vietnam
147114455645070,Du học Mỹ tiết kiệm với chương trình Cao đẳng Cộng Đồng
1576931092550349,KỶ NIỆM 1 NĂM NGÀY THÀNH LẬP NHÓM
878190755634253,The Jingle Bells JoyRide
186283245051572,DreamTrips - Thanh Pho Ho Chi Minh, Ho Chi Minh, Vietnam
1416812195287218,Chia sẽ cùng NXD - GT HÌNH HỌC HỌA HÌNH - Làm Thuê Đồ Án Chuyên Ngành Xây Dựng - Nhận Làm Đồ Án Tốt Nghiệp Xây Dựng Trọn 100% Tốt Nghiệp
190853124587106,KHÓA HỌC NLP- LIVE WITH POWER_Khơi nguồn sức mạnh nội lực bên trong bạn
1717752625120818,HỘI SÁCH CŨ TỪ THIỆN của THƯ VIỆN IDECAF
770446929732029,St Andrew's Ball
934528249967335,Design for Startup Hackathon
1164280260255705,Luxury Garage Sale Event
542668749205988,Gameshow “Be Crazy Be Funny”
1508923892768261,Cuộc Thi Ảnh Đẹp Lễ Kết Nghĩa Khoa Y 2015
450414055140293,ĐUỔI HÌNH BẮT GALAXY TAB A
1521939228125097,TẬP HUẤN CNTT 5
143844432640742,Fundraising STAR WARS movie nights by UEC
905008766246226,Prisma - The Night Run 2015
435322593338815,Last Swing 1 with Ben & Thuy (for 2015)
792890704063677,Dakura...lumacachi
795999260515174,iziShare - Bí Kíp Nói Tiếng Anh Tự Tin & Lưu Loát
525586757605679,Clinic Session || Guest coach: Sam Whitley
749308238456704,dai hoi co dong.
453667674816044,Vietnam Retail Banking Forum 2015
858874757559077,Chuỗi Hội thảo Quản trị Khách sạn Blue Mountains - Du học Châu Âu - Du học Hàng Không
192475747754735,Sở Hữu Trí Tuệ
991910604185166,TECH Afterwork avec la French Tech Viet
778775782233602,Trang trí Giáng Sinh - Noel 2015
1658388237753858,Mundo Lingo Language Social (Saigon #1)
1667516100192564,Hội thảo SMS Brandname - Marketing trong thời đại số
1667176276899761,Hội thảo Dự bị Đại học của Trinity College - Bước chuẩn bị vào Melbourne, ĐH Số 1 Úc
1484603061846426,CHIÊU SINH LỚP DIỄN HỌA NỘI THẤT BẰNG V-RAY KHÓA THÁNG 12/2015
1254733711210840,Before N' Now & Apollo - Live Rock Country Music @ Saigon Ranger
511667155662904,The Empty Pockets @ Saigon Ranger in Ho Chi Minh City, Vietnam
309900579193118,HƯỚNG SỬ DỤNG TOOL
1075900679094831,DreamTrips - Thanh Pho Ho Chi Minh, Ho Chi Minh, Vietnam
1656788981261051,Hội Thảo "GPA Trên 7.5 – Cơ Hội Vàng Săn Học Bổng Du Học "
764835670294999,Lễ Kỷ niệm Ngày Nhà giáo Việt Nam (20/11/1982 – 20/11/2015) và Chương trình “Người Sư phạm” lần VIII năm 2015
1638293353104889,Dịch vụ mua hộ và vận chuyển đồ cổ về Việt Nam bao thuế uy tín
1621002981483264,ĐĂNG KÝ GIA NHẬP THÀNH VIÊN CỘNG ĐỒNG DOANH NHÂN PEC
493719907454733,Giải Pháp Nguồn Cung Cho Nhà Hàng Lần 2- 2015
497590827067110,Tour du lich Hàn Quốc- Mùa Thu -gia tiết kiệm chỉ 14tr990 trong thang 11 này!
1623894431205037,Ngày hội truyền thống 22/12.
1676855795934448,Happy Birthday CHỢ SALE 1+1=3
410271959178819,M.A.C. LADY FAIR - NGÀY HỘI THANH LÝ
752454968193582,Thi lên đai của mấy bạn hs mới
1651687241722923,Triển lãm Giáo dục QS World MBA Tour – Các Trường Đào tạo Thạc sĩ Quản trị Kinh doanh Quốc tế - Thu 2015
904360302946503,HOSPITALITY CAREER FAIR
806269369499422,DreamTrips- Thanh Pho Ho Chi Minh, Ho Chi Minh, Vietnam
114129678945593,JacQ Launching Event
1033124196708995,Chương trìnhTruyền giảng "Mừng Chúa Giáng Sinh"
1612875455654015,Tuyển dụng Đại diện Kinh doanh Bảo hiểm Phi Nhân Thọ của Liberty Insurance
456397041180766,Tuyển Cộng Tác Viên Kinh Doanh IT
1640326062879659,INITIAL Event
715990218523326,Cơ hội nhận voucher free Bar & Pub
914116092001142,Hội thảo "Khởi nghiệp đầu tư và kinh doanh bất động sản"
148966468795177,SAIGON URBAN FLEA MARKET - CHRISTMAS EDITION
1560166957556972,RCS Khai giảng Chuỗi khoá học nghiên cứu định lượng trong Nghiên cứu khoa học
631984013611089,[Meetup] Key Factors to Ensure Test Automation Framework Success
1521727101485445,Free Zumba(r) Beach Party In Hoang Anh Gia Lai 3, NewSaigon, District 7, Nha Be
1015853445139298,DreamTrips - Thanh Pho Ho Chi Minh, Ho Chi Minh, Vietnam
438095433040852,Cơ Hội Có 100k Quá Dễ
945572608838012,DreamTrips- Thanh Pho Ho Chi Minh, Ho Chi Minh, Vietnam
1642191769376008,The Empty Pockets @ Conservatory of Ho Chi Minh City in Ho Chi Minh City...
570911803060678,Home Game #5: Saigon Heat - HiTech BangKok City
1641444309454295,Live concert HIRO SANADA & FRIENDS
614073462063699,TRINITY COLLEGE – CON ĐƯỜNG ĐẾN ĐẠI HỌC MELBOURNE
598584746950848,30 năm ... Ngày về
205069976491491,Tham dự gặp gỡ Ban thường vụ Quận Đoàn 6
494764264037412,ART MARKET- Cozy Christmas
1913467532211684,[ 3 NGÀY CHO CALLIGRAPHY, TẠI SAO KHÔNG? ]
738929422917199,Tiệc sinh nhật
1300065630019579,BOLOGNESE PASTA // Free food @ deciBel
506193636215894,[14] THÔNG BÁO HOẠT ĐỘNG TÌNH NGUYỆN - DỌN VỆ SINH CÔNG VIÊN Ở TP HỒ CHÍ MINH
964558963605182,Cùng xây không gian yêu thương - Tư vấn giải pháp vật liệu và kiến trúc miễn phí
463277210521995,Họp mặt kỉ niệm 55 năm thành lập trường THPT Vị Thanh
839734952772833,Sinh nhật anh Nguyễn Vĩnh Nghị
1629460350652117,Sự kiện Ra mắt Siêu Dự án VINHOMES CENTRAL PARK
927482667335264,SẢN PHẨM ĐẦU TIÊN ĐƯỢC TUNG RA
147122932314782,THỞ & NHẢY -  “Connect to your body & heart”
682401445211994,NHẬN LÀM ĐỒ ÁN TỐT NGHIỆP KỸ SƯ XÂY DỰNG DÂN DỤNG  - LÀM THUÊ ĐỒ ÁN NGÀNH XÂY DỰNG -  CÙNG NGHỀ XÂY DỰNG CHIA SẼ KINH NGHIỆM BẢO VỆ ĐỒ ÁN TỐT NGHIỆP XÂY DỰNG
1651999351736898,Võ Thị Phương Quyên
1712903448943953,MASTER CLASS "THUYẾT TRÌNH CHUYÊN NGHIỆP"
189186581416344,CHƯƠNG TRÌNH TỪ THIỆN  MIỀN YÊU THƯƠNG
454615604712551,Khay nhựa + hạt giống= 80.000 đồng
1518472738468607,Đại Hội Liên Chi Hội Khoa Công Nghệ Thông Tin-TDC
615529688584925,Tour Đồng Tháp - Đất sen hồng. Giá 499.000 VNĐ - Call me 090 668 11 87
762694833838359,Thông tin Nghề Xây Dựng - Làm Thuê Đồ Án Xây Dựng - Nhận Làm Thuê Đồ Án Tốt Nghiệp Xây Dựng Dân Dụng 100% Bảo Vệ Thành Công
906401222748379,2nd BTS OFFLINE tại miền Nam - ATSM Team
1624751154441454,MỞ BÁN CĂN HỘ TỐT NHẤT QUẬN 7
893238854063197,Chương trình Thiên Nhiên và Em lần 2  CHỦ ĐỀ " HỌC BỔNG SINH VIÊN TOÀN QUỐC "
638776259596185,Thời điểm thuận lợi để ghi danh nhập học kỳ tháng 9/2016 tại đh St. John, Mỹ
559294150884982,Kỉ Niệm Tròn 1 Năm Của Clup Biker Sirius S.C.C
885456288229270,Sài Gòn - Quảng Bình- Quảng Trị- Huế- Hội An- Đà Nẵng- SG
1044168592280224,Kremlin Cup 2016
1660552524216133,CHƯƠNG TRÌNH MIỄN PHÍ "TẦM SOÁT BỆNH LÝ TIM MẠCH"
686788534789771,BÍ MẬT THIỀN ỪNG DỤNG
420033614863551,“Exploring Southern Vietnam in about 100 hours”
473150462862448,ĐỒNG HÀNH CÙNG QUẢNG CÁO 1K KHỞI NGHIỆP
528961267266179,Phu My Hung Comedy Night
864041886997217,Roots Reggae Dub @ Broma - 26th of November
415560751901803,تخفيضات الجمعه السوداء (black friday)
1618375311754579,Góc biếm họa SLNA
121618681526413,Tết Thầy Cô
1612031022392197,Truyền hình trực tiếp cuộc thi Robothon Việt Nam 2015
1514846838808883,DreamTrips - Thanh Pho Ho Chi Minh, Ho Chi Minh, Vietnam
775060535938975,Triển lãm Quốc tế lần thứ 11 về Công nghệ xử lý, chế biến và đóng gói Bao bì tại Việt Nam - Propak 2016
1424740364485812,Giỗ Cụ Tổng Ông
1516099898705226,Chương trình THE BEST OF 500 ONLINE SHOP lầnđầu tiên được tổ chức tại VN
1097659073578691,U21 Quốc tế 2015
1534172186874420,LEADERSHIP EXCELLENCE JOURNEY - HÀNH TRÌNH LÃNH ĐẠO XUẤT SẮC
1416902065270485,Chuc Mung Nam Moi
1405085129821337,Vinhomes Central Park - Khu Đô Thị Hiện Đại & Cao Cấp Bậc Nhất Việt Nam
1527601337508454,CUỘC THI ẢNH HOT TEEN FACEBOOK SOCIU
702565309845208,Merry christmas
1628876144040385,DreamTrips- Thanh Pho Ho Chi Minh, Ho Chi Minh, Vietnam
1675390636081561,Burlesque Strip Tease Workshop
199405303727652,RODION (nein / roccodisco - IT)
1471093743154778,Anh yeu em
566175580204077,A Night of Stand Up Comedy with Jonathan Atherton
1526832960967465,OPEN MIC @ deciBel
1506351686359278,Couchsurfing Saigon Bicycle club 's birthday - Cycling to Dinh An, Tay Ninh
168187676864960,Buổi offline về thời trang thu đông năm 2016
890499470985621,Họp lớp
1531702013811551,ẤN TỐNG CÚNG DƯỜNG  10.000 bản "VĂN KINH PHÓNG SINH" ... ✿ ...
785704494885887,Khóa Tu Sống Tỉnh Thức Lần V
1500362113591255,Dragonfly Theatre Company present the hilarious play "Lawrence and Holloman".
361826890689198,NGÀY HỘI GIẢM GIÁ HÀNG WILTON
1521068511540029,KaleidoSoup #01 - PARTY
703531249746900,Lễ Kito Vua - Bổn mạng PT TSC VN
549779155166061,NHẬN LÀM ĐỒ ÁN XÂY DỰNG & ĐỒ ÁN TỐT NGHIỆP XÂY DỰNG & ĐỒ ÁN MÔN HỌC XÂY DỰNG TRỌN GÓI - CÙNG NGHỀ XÂY DỰNG CHIA SẼ VIDEO BẢO VỆ ĐỒ ÁN TỐT NGHIỆP XÂY DỰNG ĐH. KIẾN TRÚC TP.HCM
920532884705447,Workshop tháng 11 "HANDOFEMO - Cân bằng cảm xúc"
1642038106013042,Khai vận - Kích hoạt khí 2016 tại Tp. HCM
1654656524793572,ĐỊNH CƯ MỸ - DIỆN EB-3
497540377073623,BEST CHRISTMAS PARTY IN SAIGON!!!!
1640096556245126,Hôn Lễ bạn Nguyễn Tây Thi
541361516018697,Lawrence and Holloman
136599536699616,Học Marketing ở đâu tại Singapore?
1672166549701268,[SG] Giao lưu với tác giả Đặng Hoàng Giang
165288087155118,HƯỚNG DẪN KỸ THUẬT THỰC HIỆN TVC
1862289050664286,THE BEATS SAIGON 9th ANNIVERSARY feat. D-STYLES (Beat Junkies)
531123497045760,SPECIAL THANKSGIVING DINNER
2041985399273774,Thành lập công ty
1703776966504174,Talkshow: Chiến lược kinh doanh nào cho thành công?
858729077518633,Nơi Lưu Ảnh Bug Success
197327703937350,SỰ KIỆN CHÍNH THỨC MỞ BÁN DỰ ÁN CÁT TƯỜNG PHÚ NGUYÊN RESIDENCE
1686890481593187,Khóa học FINANCIAL MODELING FUNDAMENTALS 11  - Kỹ năng xây dựng mô hình tài chính thực tế - chuẩn mực
902590899823566,Bình's wedding
925268004218508,HIP HOP NIGHT ON THE TERRACE OF BLANCHY'S TASH
1522441931403370,MOËT & CHANDON CHAMPAGNE DINNER AT LEVEL 23 SIGNATURE
1035314519836199,LIÊN HOAN PHIM VIỆT NAM 2015
1554149761526946,Áo thun trơn, áo vạt bầu, áo khoác trơn
1689973021220788,Chương trình khuyến mãi tại vòng tay Handmade Magic Hand
405973212925585,DreamTrips - Thanh Pho Ho Chi Minh, Ho Chi Minh, Vietnam
937517256296015,Giảm giá mạnh mỹ phẩm VICTORIA'S SECRET
1631815650411669,Trang trí Tết Nguyên Đán Bính Thân
372325806279445,Đăng tin chuẩn SEO lên ngay Fanpage
1727916837436720,Tự tạo nút bấm không dây & quan sát nhiệt độ qua internet
654461881357842,HỌP MẶT PALEI PADRA THÁNG 11/2015
1284046531620841,Tiësto @ Budweiser Festival in Ho Chi Minh City, Vietnam
1576762399242827,Sinh Nhật chị Theresa Trần Ngọc Quỳnh Như
517405015102215,Be our guest(s) for Xmas 2015 & New Year 2016
1674089026164377,Latin Night
979761405403606,INFORMATION SEMINAR CAFÉ
745393205572443,Tour Nhật Bản Giá Cực Sốc - GIÁ CHỈ 21.900.000 VNĐ
112111622465252,Ngày Thành Lập Nhóm
347861952089823,EFAIR 2015
1643381175903642,SẮC MÀU LỄ HỘI KATÉ - RAMÂWAN Lần XI - Năm 2015
555065451317943,ホーチミンに集まっとかNight！
1052432584796601,Mở bán căn hộ Hưng Phát Silver Star
1651302205118023,Christmas @ Britz
1635667590055386,Startup Basic: Creative Inbound Marketing
725186570948209,Ngày Hội tri Ân Thầy Cô chào mừng kỷ niệm 20/11
1719877178240884,CME Nhãn khoa- Tuần lễ CME Đại học Y Dược TP. Hồ Chí Minh
251869954937136,Về Canada .
436888249849609,BEAUJOLAIS NOUVEAU HCM 2015
1717644918454984,Ngày Nhà Giáo Việt Nam
184165651924959,TĨNH TÂM MÙA VỌNG: MARANATHA III - 2015
1661242774134560,CHUCK II HỘI TỤ 6 MÀU đang có The Best Game
1024496687595216,TRIỂN KHAI INTERNET MARKETING HIỆU QUẢ CHO NATURALLY PLUS VIETNAM
1219579281404698,Diễn đàn Doanh nghiệp Việt Nam - Cộng hòa Séc
1691900327712119,SINH NHẬT HỘI TNPTTN 5 NĂM 1 CHẶNG ĐƯỜNG
1418156208490191,Sale off 5% cho hoa don tu 1 trieu dong
377343082472299,Chia sẽ ĐATN đã bàn giao.P5.KHUNG(TRỤC B-3)-LÀM THUÊ ĐỒ ÁN XÂY DỰNG - LÀM THUÊ ĐỒ ÁN TỐT NGHIỆP KỸ SƯ XÂY DỰNG DÂN DỤNG
184749731865323,Lễ Khai giảng năm học 2015-2016 & Lễ Bế giảng, phát bằng tốt nghiệp niên khóa 2013-2015
615871358550565,Happy Birthday Suri
1075252359181865,Motorcycle Adventure in Vietnam Jan 2016 BOOK NOW
521083401394520,Góc pháp luật lần 4 - Soạn thảo và thực hiện hợp đồng trong kinh doanh thương mại
736325763177454,Coffee and Health
182579205421953,Khai giảng lớp Sơ Cấp 1 (dành cho người mới bắt đầu)
378390335701887,Sinh Nhat N.H.Phuoc.Toàn
942502089120677,Tham dự buổi công chiếu The Hunger Games: Húng Nhại – Hồi Kết
1524146437896753,Mở bán dự án đất nền Jamona Golden Silk Quận 7
186513501688889,BÍ MẬT KHỞI NGHIỆP KINH DOANH MẠNG THÀNH CÔNG
805936946171777,Caravan XI - 2016: Đông Bắc Biên Cương
777733555669023,[BAC] - [FBA] - Khóa học FUNDAMENTAL BUSINESS ANALYSIS
916336945113988,Thay cảm ứng Lenovo A356 tại Kha Oanh đối diện bệnh viện huyện Gò Dầu
1690758604502588,Tôn trọng sự đa dạng về giới tính 2015 - I vote yes for you
1484609308508052,Chinh phục LangBiang huyền thoại !
425697107630544,DIY -  ĐẦM TUTU - HANDMADE TUTU DRESS FOR BABY GIRL.
143078432716580,Triển Lãm Tại Hội Chợ Mùa Đông 2015
917672741659862,La Grande Sophie @ Institut Français in Ho Chi Minh City, Vietnam
821734807875372,Miễn phí Ship
511804775649731,CHỢ ĐÊM BANGKOK - BANGKOK NIGHT MARKET
1517096175214904,Sân bóng đá mini
1655847518026959,SỰ KIỆN MỞ BÁN DỰ ÁN CÁT TƯỜNG PHÚ NGUYÊN RESIDENCE
1196963383666646,Dự án: XÂY CẦU NÔNG THÔN Y TÂM TẠI PHỤNG HIỆP-HẬU GIANG
1195426057139585,CHUỖI HỘI THẢO: DỊCH LÝ - PHONG THỦY - TỬ VI
1513308675646827,Khóa học FUNDAMENTAL BUSINESS ANALYSIS TẠI Hà Nội
959117420830082,Công bố dự án mới Quận Thủ Đức
1574244779504289,Sinh nhật Lucia Phạm Thị Hoàng Linh
1633865473528494,OFFLINE TESOL tại TALENT
171310586551342,hội thích ăn vặt
427989960731914,CHƯƠNG TRÌNH CHĂM SÓC SỨC KHỎE CHO BÀ CON NGHÈO TẠI: CHÙA PHƯỚC HUỆ, ẤP LƯƠNG NGÃI, HUYỆN CÁI BÈ, TỈNH TIỀN GIANG
1159030577448377,Vietnam Expo In HoChiMinh City 2015
1109265265750628,Fi Vietnam 2016
1016878174999794,Nhận oder nước hoa và các mặt hàng từ Đức từ đây cho đến noel 2015
1659661840956158,TẾT DÙNG HÀNG VIỆT - BÍNH THÂN 2016
1634227493510358,Khai giảng Khóa Học "GIÁM ĐỐC MARKETING ONLINE"
1699526300334531,Mundo Lingo Language Social (Saigon #4)
117378128624899,THAM DỰ DEMO LÀM BÁNH MIỄN PHÍ TẠI BAKERLAND
1494651544163641,ĐẠI HỘI ĐẠI BIỂU HỘI TNHSSV HỌ DƯƠNG KHU VỰC MIỀN NAM VÀ HỘI NGHỊ HỌ DƯƠNG MIỀN NAM
913726102016230,アジア住みます芸人「ダブルウィッシュ」ライブ in サムライカフェ
183019255366144,Sjk nhat Duong"ss Quynh"ss
1181828128499301,Khám phá bí mật giai đoạn CỬA SỔ VÀNG của trẻ
357110697825406,Moi Den Voi Quan Chay Nhu Hue
802887543069782,THAM GIA LÀ 1 TRONG 2015 sinh viên BIẾT CÁCH nói KHÔNG với THẤT NGHIỆP cho đến cuối năm 2015
867754930012766,Rượu Nho Rang Rộn Ràng Lễ Hội
939849736108849,Clouds of Sils Maria // Movie @deciBel
1605198789712780,Cần mua gấp nhà Quận 1 và 3
424468137738057,HỘI NGHỊ NHÂN SỰ VIỆT NAM 2015
451702801686804,Sóc Con Khám Thế Giới
790249844433787,Nhận Ưu Đãi Khủng Ngày Mở Bán Richstar
521058938061840,THE SAIGON GRAFFITI 1ST WORKSHOP 05/12/2015
192597301083272,2nd Cocoa Revolution
1649497315327916,CÔNG BỐ MỞ BÁN ARIYANA SMART CONDOTEL
1603681763223750,Cho Thuê Nhà - Mặt Bằng Trung Tâm HCM
407965239373341,3RD INTERNATIONAL CONFERENCE SUSTAINABLE AGRICULTURE, Food and Energy 17-20 November 2015 in VIETNAM
862381883844596,Sinh Nhật
714537595342870,EAOC LOFT PARTY w/ GUSTAV LE BON [CYP] | NOV 21ST | THE OBSERVATORY
1037960696235584,Kỉ Niệm Ngày Thành Lập Nhóm
131672773858515,NGAY NHA GIAO VIET NAM 20-11
143833032638833,Phỏng vấn tập trung
958954417448605,The 7th Golden Cashew Rendezvous - Vietnam 2015 (Hội nghị Điều Quốc tế VN Lần VII - 2015)
747267515322948,SITE SCAM VÀ ĐẦU TƯ
450914271753952,Ngày hội ngộ di dân
1528507317470530,Afterwork UFE Avenir
560898460680498,Giỗ Cụ Cử Huỳnh
727351294066130,KHÓA HỌC CHUYÊN ĐỀ FLASH
918815728153625,Nước hoa DAMODE sản phẩm hàng đầu ở PHÁP
441839982667436,Khóa học: TRƯỞNG PHÒNG KINH DOANH CHUYÊN NGHIỆP
1642998415970980,CUBA - La Casa de la SALSA
816406775135427,CÔNG BỐ MỞ BÁN DỰ ÁN DRAGON HILL 2
1002359466476664,Sài Gòn International Tattoo Convention 2016
1553142954964659,Trận chung kết đầu tiên của FC United Ultimate
973042492757521,QTV - BTP
1517804545199422,Chương trình biểu diễn chuyên đề Rockschool Drum& Guitar
543875712442279,Andy Moor @ Vuvuzela Nguyen Binh Khiem in Ho Chi Minh City, Vietnam
1684432251784679,Chia sẽ ĐATN đã bàn giao.P6.MÓNG(TRỤC B) - LÀM THUÊ ĐỒ ÁN XÂY DỰNG DÂN DỤNG - CẦN TÌM NGƯỜI LÀM THUÊ ĐỒ ÁN TỐT NGHIỆP XÂY DỰNG DÂN DỤNG
166964040323247,Giảm giá thêm 10% khi cài đặt App Khóa màn hình điện thoại Slimo
549192808571431,Lễ mở bán dự án Cát Tường Phú Nguyên
503013489880764,Khóa học FINANCIAL MODELING FOR STUDENTS  - Trang bị kỹ năng phân tích cho sinh viên
800959500015561,Tour Nhật Bản Gái Cực Sốc - GIÁ CHỈ 21.900.000 VNĐ
945773412167164,Asian Tour 2015 / Gira Asiática 2015
1647507122170549,Hội Sách TP HCM lần IX năm 2016
984026495003597,Lễ khai trương căn hộ mẫu Western Dragon
951818681522660,Talkshow Du học........không phải là giấc mơ.
840096532780434,Directors: Are you equipped to to seize - and save - the day?
1650607558527327,Makers meet-up: Artisans Makers
1086846144821179,SINH NHAT
380347925486339,Khóa học hè Titan - 9 tuần thử thách
892649937474491,DANH NGÔN CÀ PHÊ CAFE.NET.VN
1423288451328061,Trồng rau sạch tại nhà free=100%
463930303805709,KHAI GIẢNG KHÓA HỌC CAD/CAM/CNC THÁNG 12/2015
506299802880406,BÍ MẬT THIỀN ỨNG DỤNG
627086837420379,Sự kiện EQVN
316245211867985,CON SỐ MAY MẮN
1522705568048224,[Hà Nội] Sưởi Ấm Trái Tim 2 - Warming Hearts 2
441791196018550,Chung Kết Toàn Quốc Nhảy Cổ Động UniGames
533717493449855,NGÀY HỘI TRAO ĐỔI SÁCH BOOK EXCHANGE DAY 4
439904049551763,Sharing "CÔNG THỨC THÀNH CÔNG: NGOẠI NGỮ và KĨ NĂNG MỀM"
1515279382098467,Lễ kỷ niệm ngày Nhà giáo Việt Nam 20/11 (khối sáng)
1640441632884917,Comedy with Soul!
370674639782111,KỶ NIỆM 1 NĂM NGÀY THÀNH LẬP NHÓM
1668040043419742,BẢNG GIÁ ÔN TẬP ĐỒ ÁN TỐT NGHIỆP XÂY DỰNG - BẢO VỆ THỬ ĐỒ ÁN TỐT NGHIỆP XÂY DỰNG TRƯỚC KHI RA HỘI ĐỒNG BẢO VỆ CHẮC CHẮN 100% TỐT NGHIỆP
892525794172238,Triển lãm Giáo dục QS World Grad School Tour – Các Trường Đào tạo Sau Đại học Quốc tế – Thu 2015
736854409753137,OUTCAST BEER FEST - CHRISTMAS EDITION
420452458155967,Chương Hoàng - Long Hạ Wedding Day
938212972880621,Đại hội Đội viên Đội Công Tác Xã Hội   Trường Đại Học Giao thông Vận tải – cơ sở 2 (Nhiệm kì VII 2015 – 2016)
141981386160261,THAM QUAN NHÀ MẦU EHOME 3 - BỐC THĂM TRÚNG THƯỞNG QUÀ GIÁ TRỊ
886099961445115,I.C.U LADIES NIGHT  @ E.R with DJ LAN KIDO
554380491387541,KỲ 33: PHÁT TẶNG 600 PHẦN THỨC ĂN CHAY CHO BỆNH NHÂN - ĐỊNH KỲ 2 LẦN/THÁNG
929996930426373,[CHƯƠNG TRÌNH HỌC THỬ KHÓA HỌC KIỂM TOÁN QUỐC TẾ THỰC HÀNH - IAu] CHỦ ĐỀ KIỂM TOÁN: ĐÁNH GIÁ RỦI RO KHÁCH HÀNG
1656401337951247,LOZI FAIR
129972500699489,Thi thử Toefl Primary
540286862788351,Talkshow: Giao lưu cùng nhà báo - phát thanh viên Hồ Thủy
489124871259892,Khai giảng khóa học "PHƯƠNG PHÁP LẬP KẾ HOẠCH SẢN XUẤT"
112055882496156,ROSCIUS (Muta - FR) LIVE ACT - supported by DAN LO (EAOC)
147836405575804,Makers meet-up: Makers và ArtKglass
105244439839828,Lễ giáng sinh cùng Doraemon
329153510607777,CHƯƠNG TRÌNH LIÊN KẾT VỚI HÃNG KIỂM TOÁN AASC
375660865925286,Tuyển Cộng Tác Viên Nữ Bán Hàng Online
983628185032105,Khóa học: TÌM LẠI CHÍNH MÌNH
1151740234853898,PECHE A LA MOUCHE // Live music @ deciBel
1118925088119512,STRATEGIC ACCOUNT PLANNING, CYCLE 1
1641671362774614,Hội thảo “Xây dựng mạng lưới Thanh niên giám sát nạn buôn bán động vật hoang dã trên Internet”
890966060986998,HỘI CHỢ ĐỒ GỖ VÀ HÀNG GIA DỤNG VIỆT NAM 2015
905689322853637,[Hà Nội] Mùa Đông Ấm Áp 2 - Warm Winter 2 - Hanoi 25/11/2015
843714479079121,HỘI TRẠI TRUYỀN THỐNG "QUẢNG NGÃI MỘT NGÀY VỀ" LẦN 3 NĂM 2O15
1513123622338097,Về thăm trường TH HBC
814878391921378,TẶNG 50.000 ÁO ĐÔI FACEBOOK CHO NGƯỜI THAM GIA ĐĂNG KÝ HỢP LỆ ĐẦU TIỀN
902310349847187,Oysters Fiesta, Thursdays-Fridays-Saturdays
1659170661026981,Khai giảng Khóa Luyện thi Đại học mới T12/2015
1670500086530536,BẤT ĐỘNG SẢN ÚC - ĐẦU TƯ HIỆU QUẢ - AN TOÀN & BỀN VỮNG
1491009331203182,Mitsubishi Seminar for HCM University of Technology Students to Expand Career Options
1710191665869677,PHƯƠNG PHÁP HƯỚNG DẪN 100% TỐT NGHIỆP - ÔN TẬP KIẾN THỨC ĐỒ ÁN TỐT NGHIỆP XÂY DỰNG 100% TỐT NGHIỆP
1661429304135978,[MINI OFFLINE] HAPPY BAEKHYUN DAY❤
746524912158195,Hành hương và từ thiện Đức Mẹ nhà thờ La Mã Bến Tre
432613713591087,Happy Birthday Thiên Thiên
1497648553868189,HỌP LỚP DÊ 21/11/2015
444907082386350,GLTT “Gọt mặt V line style chuẩn Hàn”
1233002830058921,Đêm chung két Văn nghệ 20/11 THPT chuyên Lê Hồng Phong
558254014314406,Phucnguyen091076@gmail.com
712009595602015,Dành cho iFan: Test-Drive Office 2016 và OS X EL Capitan
138442933178492,Suzuki Passion Tour tour 24 " Núi Thị Vải " 22/11/2015
1666441663584627,TAP1 - Hang order - Quan ao cho Mua Thu Mua Dong /  Ao thun, so mi, vay dam, quan jean, quan short
1542894519335025,DreamTrips - Thanh Pho Ho Chi Minh, Ho Chi Minh, Vietnam
1521978201451195,Made In House
886332521400247,Quốc Huy Bùi
1049794151708209,CAREER COMPASS - Kim chỉ nam nghề nghiệp Marketing & Communications
799758883446991,NGHỀ XÂY DỰNG VỚI QUY TRÌNH LÀM VIỆC MANG LẠI UY TÍN TUYỆT ĐỐI CHO BẠN - LÀM THUÊ ĐỒ ÁN TỐT NGHIỆP XÂY DỰNG ĐỒ ÁN MÔN HỌC XÂY DỰNG 100% TN
665696516910156,Học tập - Làm việc tại Nhật Bản
509992435843792,Hội trại truyền thống - EF's Camp 2015 - W.A.Y - Where are you?
758281127610735,BẢN TIN VOH SỐ 22 - RONG KINH - BÁC SĨ NGUYỄN THÁI HÀ
451889378329612,RMIT Teacher's Day Ceremony
792202657568490,Covato 2 Hino Night
943504395690735,BÁO GIÁ ÔN TẬP VÀ BẢO VỆ ĐỒ ÁN TÓT NGHIỆP XÂY DỰNG - ÔN TẬP KIẾN THỨC ĐỒ ÁN TỐT NGHIỆP XÂY DỰNG 100% TỐT NGHIỆP
1510567955909044,[THUY DESIGN HOUSE] FINAL GRAND SALES 2015
183580841988156,VUI CHƠI VỚI CUPCAKE - FUN WITH CUPCAP PARTY
975449605847497,Lễ hội âm nhạc điện tử Trance Family Vietnam
492947734199590,Kỉ niệm 10 năm A13
499466390227177,LỄ KẾT NGHĨA 2015 KHOA ĐD - KTYH
609445715860145,Khóa học Thực hành Chuyên sâu Quay về Tiền kiếp
502407396600024,MUSIC TRIVIA // Blind test ( THANKSGIVING EDITION) @ deciBel
867583593280476,Thu Uyên Shop
1048873735132107,ĐÊM HỘI GIAO LƯU THẦY & TRÒ KHOA ĐIỆN - ĐTVT
317636008438940,NHẬN LÀM ĐỒ ÁN MÔN HỌC - LÀM ĐỒ ÁN TỐT NGHIỆP XÂY DỰNG TRỌN GÓI THUÊ -  <CÙNG NGHỀ XÂY DỰNG CHIA SẼ ĐỒ ÁN MÔN HỌC>
1623749834542763,Book vé nhóm sự kiện The Wave HCM DJ Snake
363622793827197,TUYỂN CỘNG TÁC VIÊN, NHÂN VIÊN KINH DOANH (Khang Anh COMPUTER)
744861738966999,Khuyến mãi liên tục tại Hoa vải đẹp MAI
108134606222077,HỘI NGHỊ KHÁCH HÀNG CUỐI NĂM 2015 CÔNG TY TÂM ĐAN
431581403704434,Lôi đài MIGATI kỳ 47
881823155217992,Viet Nam con duong di toi dinh cao am nhac the gioi M-TP
1245920382101712,Lễ Hội Mùa Đông - NVH Thanh Niên
1017645984963730,ÁO ẤM YÊU THƯƠNG
1043554092355578,LEADERSHIP EXCELLENCE JOURNEY - HÀNH TRÌNH LÃNH ĐẠO XUẤT SẮC
1421845771460533,HÃY ĐỂ CHÚNG TÔI BẢO VỆ BẠN THEO CÁCH TỐT NHẤT!
210616589269733,Kế hoạch phát quà đêm cho người cơ nhỡ.
830956830352088,Kỹ năng sống – Quản lý tiền
747217715377016,Sinh nhật Boram
1528311744146761,Đổi "hàng" nhận "HÀNG" tháng 12!!!
171967523146277,Vietnam Victory Challenge 2016
1487338478240415,MUGIC NIGHT feat. KENTARO, MISLAV & ULYSSES
1685457638407711,[HanGengVN][TPHCM]  Artists Day 2015: Artists Land
1723028394595042,HỘI THẢO DU HỌC "CƠ HỘI NHẬN HỌC BỔNG TOÀN PHẦN TẠI ITALIA"
1192029400810636,TỐI THỨ 3 ĐÁ LUYỆN TẬP LÚC 7h30
1043281959036382,LỄ KẾT NGHĨA KHOA Y 2015 - Khoảng Trời Khát Vọng
1641371822768449,Offline guild lần 1 vào thứ 7 ngày 25 tháng 7
567115560108934,Tháng sách CHIBOOKS tại Hệ thống Nhà sách Bình Dương
508147322683858,SINH VIÊN - BẠN CẦN GÌ để có THỜI SINH VIÊN TUYỆT VỜI
919436231437882,BÍ QUYẾT LUYỆN IELTS 8.0 - SĂN "HỌC BỔNG KHỦNG & VIỆC LÀM NGHÌN USD"
1489661418004369,CAV quarterly meeting (Les Clefs d'Or & CAV Associate members only)
721688537965587,Poi Juggling Workshop
1185663778130472,NĂNG LƯỢNG NGÀY MỚI - 500 SUẤT ĂN SÁNG 27.11.2015
592475197557492,BOOK EXCHANGE DAY NGÀY HỒI TRAO ĐỔI SÁCH
942354169169687,REACHES FT. L.O.N - LIVE ELECTRONIC MUSIC @ SAIGON RANGER
147543952268126,BIRDING EXPEDITION - 10TH YEAR ANNIVERSARY PART II
758846707577663,3 YEARS HEART BEAT W./ MØRBECK//Code Is Law & HOUSE+TECHNO EXTRAVAGANZA
699151403519233,Bánh Cookie vị trà xanh và bơ
1712599092297446,Hợp lớp
638266769648820,KHỞI ĐẦU VÀ PHÁT TRIỂN MỘT DOANH NGHIỆP - ĐẠI HỌC BRIGHTON
1652886671626434,Lễ Tạ Ơn 60 Năm Thành Lập GIÁO PHẬN CẦN THƠ (1955-2015)
595595830581398,XÓM CHỢ BÁN VUI - SELLING FUN MARKET
857622540975972,Triển lãm Quốc tế Xe hai bánh Việt Nam 2015 - VIETNAM CYCLE 2015
1512561949058442,Phát triển Đội Ngũ Lãnh đạo để doanh nghiệp tự chạy không cần mình
428507854007363,Học FREE chụp hình món ăn FOOD STYLIST
1648052285418189,iziIELTS - Tiêu chuẩn IELTS, phong cách IZI
939497092798943,Chương trình nấu đồ bún xào chay vì người nghèo dịp rằm tháng 10
1660504720886715,STARTING UP SAIGON
657218281047472,CHƯƠNG TRÌNH CHÀO MỪNG NGÀY NHÀ GIÁO VIỆT NAM 20/11
703513213082071,Ladies Styling Workshops with Marta - Salsateka UK
1653688341538912,Flower arrangement with glass flower holder  workshop
942145629156651,Ngày hội "Vì một cộng đồng sống khỏe" lần 4
316165041841133,Họp mặt Phòng 209A KTX Bách Khoa
962375430501761,LET'S PADDLE THE SUP BOARDS
666152926826113,Làm Đồ Án Tốt Nghiệp Xây Dựng - Đồ Án Môn Học Thuê - Chia sẽ cùng Nghề Xây Dựng - Đồ Án Tốt Nghiệp Xây Dựng Dân Dụng hay
921413567927314,CHƯƠNG TRÌNH TẦM SOÁT BỆNH LÝ TIM MẠCH MIỄN PHÍ
1482282252076913,HỘI CHỢ THƯƠNG MẠI MỪNG XUÂN QUẬN 5
871565706285002,MATTHEW DUVALL // Live music @ deciBel
704974412941071,Sửa sạc , thay chân sạc galaxy Note 5 lấy liền
1658552184361587,KINH DOANH THÀNH CÔNG
1638960129727035,Overseas Alumni Chapter @ Ho Chi Minh
959430884093900,MỞ BÁN CĂN HỘ CC Q7, CK  5,5%
1489867771318674,Lovely Winter - Mùa đông yêu thương ( Do charity for poor people )
1659631944249503,Supporters for Thanh Niên U21 Int'l Football Championship 2015 - Cổ động Giải Bóng đá U21 Quốc tế Báo Thanh Niên 2015
1640423019530882,Khóa học "Giải pháp đồng bộ cho Kế toán tiền lương, BHXH, TNCN và tối ưu chi phí nhân công khi tính thuế TNDN"
1465104253792971,Đại hội đầu tư Việt - Nhật - 和橋会世界大会
201315583540331,Lễ húy kỵ hoàng đế Gia Long và Hiệp kỵ các vị Tiên đế và các Hậu nhà Nguyễn
441498779325043,Nhận Làm Đồ Án Xây Dựng - https://sites.google.com/site/nhanlamdoanxaydung/
1393066937666974,Chia sẽ cùng NXD - Đồ Án Tốt Nghiệp Xây Dựng Dân Dụng hay - Làm Thuê Đồ Án Xây Dựng & Nhận Làm Đồ Án Tốt Nghiệp Xây Dựng Trọn Gói 100% TN
1507499536214730,งานวันเฉลิมพระชนมพรรษาพระบาทสมเด็จพระเจ้าอยู่หัวฯ
587580811382483,Wedding Liu Junhao & Mii Phạm
909977732412511,Quản Lý Dự Án theo Tiêu Chuẩn Quốc Tế PMBOK®: HỌC ĐỂ LÀM
1513489878975889,TECH AFTERWORK - Nov. 18th
1477651862560133,The 2015 12th Annual Vietnam HAT
1728490300705380,Quản Lý Dự Án theo Tiêu Chuẩn Quốc Tế PMBOK®: HỌC ĐỂ LÀM
2147949678679083,POWER UP - ĐÊM HỘI NGHỆ THUẬT HÀNH ĐỘNG VÌ KHÍ HẬU
787658807995214,Kỷ niệm ngày thành lập nhóm 02/01/2013
1215320585149804,Bạc Liêu - Cà Mau
1930019240555872,Mot du an am nhac moi dang cho` don trong dip Tet 2016.
728667207277026,EDMVN Offline #2
738555442944145,Forbes Vietnam Conference - Follow the money | Theo dấu dòng tiền
811739372281195,CHƯƠNG TRÌNH " SAN SẺ YÊU THƯƠNG " PHÁT CƠM BỆNH NHÂN NGHÈO LẦN THỨ 12
192791977720069,Office Họp Mặt Ăn Nhậu Chem Gió
546511775497792,Lễ hội mua sắm mừng ngày ra mắt website www.ngochanbeauty.vn
534708873350828,KHAI TRƯƠNG NU COFFEE PHẠM VĂN ĐỒNG
503234193169664,EDM Escape Festival New Year
1108946245804839,Khai giảng khóa 44 lớp Kinh Doanh Trên Internet
194438797565243,Guest Artist Roisin Cunningham
1505314403101681,KHÓA HỌC GIÁM ĐỐC NHÂN SỰ CHUYÊN NGHIỆP - Trường Đào Tạo Doanh Nhân PTI- LIÊN HỆ : 0903.046.113 Ms Trịnh Tươi
697751497029151,Kỷ niệm 75 năm ngày thành lập Đội TNTP Hồ Chí Minh
1628495450764448,PPL NETWORKS ANNUAL GLOBAL MEETING 2016
1722593361302843,Học làm bánh: Tiramisu-Crepe
1510672092560813,Hợp Mặt, Giao Lưu, Trao đổi kinh nghiệm
921247657930940,NHẢY FLASHMOB CRAZY CÓ ÁO FREE
297183720488226,BẢNG BÁO GIÁ NGHỀ XÂY DỰNG - Nhận Làm Đồ Án Xây Dựng Trọn Gói - Đồ Án Tốt Nghiệp Xây Dựng - Đồ Án Môn Học Xây Dựng
515513515294126,Đại hội Đại biểu Hội sinh viên Việt Nam Trường Đại học Khoa học Tự nhiên lần thứ IX, nhiệm kì 2015 - 2018
189292908073143,TIỆC BUFFET CHAY GÂY QUỸ TỪ THIỆN “ SỐNG ĐỂ YÊU THƯƠNG ”
134970850201139,CHIA SẺ KINH NGHIỆM NUÔI TRẺ SƠ SINH
643591252450462,Khai giảng khóa học CFA Level 1 (Kỳ thi tháng 06/2016)
772348176227890,Nguyen Thi Mai Solo Lacquer Painting Exhibition
162141244138436,LỄ THÀNH HÔN
349727385234129,Kỉ niệm ngày cưới
1677137379195108,NGÀY BẠN HỮU – MY SPECIAL FRIENDSHIP DAY
1509727612672601,họp cựu sinh viên khoa cơ khí
533649503465344,Khóa học NGHỆ THUẬT CHINH PHỤC ĐÁM ĐÔNG
1232287183454381,Phát cơm từ thiện Quận Bình Thạnh lần 1.
1398181920473000,MIỄN PHÍ - Chuyên đề "Bệnh đái tháo đường"
175717846112495,Du Học Quản Trị Khách Sạn, Thực Tập Hưởng Lương A$20,000/năm tại Blue Mountains, Úc
551919804971896,Special Guest : SAM WHITLEY (USA-Cambodia)
910059795737600,Talk: TÌM LẠI TÌNH YÊU – Tiến sĩ Menis Yousry
986456478078557,MỪNG SINH NHẬT TINT EYE LENS LẦN THỨ 3 12/12/2015
1481083745533238,Chợ phiên cuối tuần GTV 3A Outlet Sale
1653992801547099,NỘP ĐƠN NHẬP HỌC KHÓA THÁNG 2/2016 TẠI ĐẠI HỌC MELBOURNE, ĐẠI HỌC HẠNG 1 AUSTRALIA
1642763619333249,Asia Ventures Summit - 第7回 和僑世界大会inホーチミン
1527444727569728,Siêu khuyến mãi
1444541289196810,Bán nhà mặt tiền - Biệt thự quận 1 và quận 3 HCM
1447016085626611,Mekong 2016
1621361011463261,Beautiful In White
156832861335620,CHANH BISTRO ROOFTOP - THURSDAY SALSA
784365538375859,Học Lái Xe Ôtô B2, B1 Thi Sau Tết Âm Lịch 2016
627449497386383,Tim hanh phuc rieng
470419469805037,TƯ VẤN DU HỌC ONLINE
778607978933665,ASEAN SME Success Seminar Series
684094101690679,Dj Thai Hoang- One Night in Saigon
1001675233186478,Tiệc 20/11
928724040521264,Tour Hàn Quốc - Mùa Thu giá 14tr990
564214203736354,MZUNGU // 1DAN
463742797039474,Tìm Kiếm Anh Em Khát Khao Hầu Việc Chúa Qua Âm Nhạc
1521483178178527,DIY - LÀM VÍ DA - Handmade Leather Wallet
965011166870264,Metal Weld Vietnam 2015
1648912038721600,CISS Music Recital 2015
1516028465387070,CHĂN ẤM ĐÊM ĐÔNG
518441461667242,200h Yoga Teacher Training
1650385801882211,Sinh.nhật.nhóm
1109735015724943,Chương trình nối vòng tay lớn.............
928894690519883,Quản Lý Dự Án theo Tiêu Chuẩn Quốc Tế PMBOK®: HỌC ĐỂ LÀM
1540264042922446,Sinh Nhật Kim Phượng
513269075506031,Mở order : Fanficbook Lần Nữa Yêu Anh - Thiên Yu lần 2
429444030594966,HỘI THẢO TRƯỜNG ANH NGỮ ILSC
1490608407901635,Gear Up Vietnam
533757046777974,Carlos enrike villanueva
1647218358887857,CHỈ DUY NHẤT TẠI NGHỀ XÂY DỰNG - ÔN TẬP VÀ BẢO VỆ ĐỒ ÁN TỐT NGHIỆP XÂY DỰNG 100% TỐT NGHIỆP
1529443567324530,Cuộc thi Ảnh BÉ VUI CÙNG MÙA XUÂN
433643840174870,Jonathan Mendelsohn @ HEINEKEN GREEN ROOM in Ho Chi Minh City, Vietnam
1633955313522594,Lễ Kết Nghĩa - Đồng Tâm - Khoa Y học cổ truyền 2015
856326114423518,Truongtot
751407828337966,Họp mặt kỷ niệm 20 năm ra Trường lớp A3 TMT 92-95
734615973287616,Nhận Làm Đồ Án Xây Dựng - Đồ Án Môn Học - Bảng Bào Giá Đồ Án Môn Học
134204513609045,Hội Thảo HotForex - Nhận Giải Thưởng $1,750
441629796036509,GIAO LƯU VÀ BIỂU DIỄN GUQIN CÙNG VỚI MR. THOMPSON
1586233194942926,Nguyen tanpkam
1570871956490704,Các Chiến hữu, Thứ 5 18H Bóng Lăng, Ae Nao Di Dc Trl Ok Cho Mình Nha!!!B-)
863622240425067,Tour Du Lịch Nhật Bản: Nagoya - Osaka - Kyoto - Nara (5 ngày 4 đêm)
906639566051815,TRẠI HUẤN LUYỆN ĐẶC BIỆT (MIỄN PHÍ)
1090461880986834,CHƯƠNG TRÌNH CA NHẠC THỜI TRANG - XINH TƯƠI VIỆT NAM - 2015
317189101814039,Tiệc sinh nhật chị Khởi My
1495643027398937,Vũ kịch "Kẹp Hạt Dẻ"
558200800993681,Glass Tasting @ Mondovino Wine Club
858613124201123,Cùng NXD Chia Sẽ Kinh Nghiệm Bảo Vệ ĐATN-Làm Đồ Án Xây Dựng Thuê -Làm Đồ Án Tốt Nghiệp Xây Dựng Thuê -Làm Đồ Án Môn Học Xây Dựng Thuê
496036427268213,Mở lối vào ngành công nghiệp 3D Game + 3D Animation & VFX
438894969641721,Baron Edmond de Rothschild wine dinner
1518755158444609,Khóa học QUẢN LÝ VÀ GIÁM SÁT BÁN HÀNG
482838738558603,Melting Pot 7: Art & Music Festival
1650760668536515,French Volunteer Day Vietnam
955677217858409,Sale Off iRing dành cho thành viên  CLB  Uberman lần thứ 5
716738678430703,SUPER SALES - BÁN HÀNG NÂNG CAO
1697241207153927,DreamTrips - Thanh Pho Ho Chi Minh, Ho Chi Minh, Vietnam
419239658279508,[11] THÔNG BÁO HOẠT ĐỘNG TÌNH NGUYỆN - DỌN VỆ SINH CÔNG VIÊN Ở TP HỒ CHÍ MINH
140964029594460,Kỷ niệm Cắm trại Bút Sơn 25 năm của K30 Biên Hòa Hà Nam
963606073713590,LỄ HỘI ZUMBA TỪ THIỆN / ZUMBA FOR CHARITY
545198285638570,Made In House Presents - Axwell /\ Ingrosso Sun Is Shining Tour
939638432739841,TRẠI HUẤN LUYỆN ĐẶC BIỆT (Khóa 2)
1609901435893322,Sinh nhật cô hiệu trưởng
372317512952581,GẶP MẶT ANH, CHỊ, EM TRONG NHÓM
796693227022765,PokeBank Release Party!
1525581344429548,Hội thảo du học "HỌC BỔNG VÀ HỖ TRỢ TÀI CHÍNH 2016 CỦA ĐH CURTIN"
420215758086722,Thư Viện Tài Liệu Anh Văn
1630899993845932,Học tập - Làm việc tại Nhật Bản 2016
1671816919707903,Từ thiện biển hồ campuchia
1676527785950631,CHIÊU SINH LỚP DIỄN HỌA NỘI THẤT BẰNG V-RAY KHÓA THÁNG 11/2015
705312679603964,Bitfilm Festival Saigon 2015
741573269308723,Saigon Charity Bazaar
519657721535128,Ngày hội mong chờ nhất của cuối năm , đừng chậm trễ nữa hay nhanh tay mua cho mình 1 vế để cùng hòa mình vào không khí bóng đá :v
617788491694733,OUTCAST'S FARMERS MARKET - CHRISTMAS EDITION
519596338203092,Họp lớp
103101450054306,DRAGON CITY FESTIVAL 2015
546487338833694,University of Sunderland Vietnam - Graduation Ceremony 2015
1609606759307344,kĩ niệm
531100767048013,[Buôi làm việc cá nhân] Tiền kiếp, chữa lành, tư vấn, qua thiền hoặc đặt tay...
523399524503134,CHƯƠNG TRÌNH ĐÀO TẠO GIÁM ĐỐC SẢN XUẤT CHUYÊN NGHIỆP - CPO. LIÊN HỆ ĐĂNG KÍ : 0903.046113 Ms Trịnh Tươi
468976873302611,Triển lãm Quốc tế Trang sức và Đồng hồ tại Việt Nam
1532926813694297,ALEX FROM TOKYO (Tokyo Black Star, World Famous, Innervisions - NYC) - supported by HIBIYA LINE (The Obs)
922971211103579,Fiesta de Pijamas
191603491180441,Ngày Đồng Hành V
970517972971787,NHẬN LÀM THUÊ ĐỒ ÁN TỐT NGHIỆP XÂY DỰNG - LÀM THUÊ ĐỒ ÁN TỐT NGHIỆP XÂY DỰNG DÂN DỤNG 100% BẢO VỆ THÀNH CÔNG
1483806378592848,Cuộc thi vẽ tranh về Sơn Tùng M-TP
468807196637000,CHƯƠNG TRÌNH ĐÀO TẠO TÀI CHÍNH DÀNH CHO SẾP - VŨ CÔNG TY
909342335818912,MỞ BÁN ĐẤT NỀN JAMONA GOLDEN SILK QUẬN 7
931755086907392,Healthy Chocolates Making & Tasting – Xmas Edition
1624545187788362,ÁO ẤM TÌNH THƯƠNG CHARITY - by DALATCLUB
141278542901395,DreamTrips - Thanh Pho Ho Chi Minh, Ho Chi Minh, Vietnam
753293361453061,Hãy Để Chúng Tôi Phục Vụ Ban! Giải Pháp Nhỏ Cho Dự Án Lớn
747512258710442,Hợp Mat Lần Thứ Nhất Lớp Quan Tri Lưu Tru Du Lich
1529728530676755,Sinh Nhật AD Huỳnh Văn Hoàng Nhủ
1125994854093275,Chia sẽ ĐATN đã bàn giao.P4.BỂ NƯỚC MÁI-LÀMTHUÊ ĐỒ ÁN TỐT NGHIỆP XÂY DỰNG - LÀM THUÊ ĐỒ ÁN TỐT NGHIỆP XÂY DỰNG DÂN DỤNG 100% TỐT NGHIỆP
1524682541185172,CHIBOOKS XẢ HÀNG CUỐI NĂM 2015
1575644286052765,Thành Lập 365Daand
1038807126146881,Chia sẽ ĐATN đã bàn giao.P3.KC CẦU THANG-LÀM THUÊ ĐỒ ÁN XÂY DỰNG DÂN DỤNG -LÀM THUÊ ĐỒ ÁN TỐT NGHIỆP XÂY DỰNG DÂN DỤNG 100%BẢO VỆ THÀNH CÔNG
957690017644113,KHÓA HỌC NLP- LIVE WITH POWER_Khơi nguồn sức mạnh nội lực bên trong bạn
986720544699750,THE 6ND INTERNATIONAL EXHIBITION FAIR INDUSTRY VIET NAM – CAMBODIA DEVELOPMENT
1006655669363320,BẢNG BÁO GIÁ NGHỀ XÂY DỰNG - Nhận Làm Đồ Án Xây Dựng Trọn Gói - Đồ Án Tốt Nghiệp Xây Dựng - Đồ Án Môn Học Xây Dựng
505814529591768,OPENING EXHIBITION: SE4 by Tom Smith
1523381281314094,Let's TALK & SHARE "Sẵn sàng thành công cùng HOSPITALITY"
446234268895916,♫ HT Canada ĐH Wilfrid Laurier với 7 loại học bổng giá trị
693708780763158,ẤN TỐNG CÚNG DƯỜNG  10.000 bản "VĂN KINH PHÓNG SINH"
549364008450423,THAY LƠI MUỐN NÓI
487623601362936,Friday FiX Presents... ABSTRACT
1006126902778254,Jonathan Mendelsohn @ HEINEKEN GREEN ROOM in Ho Chi Minh City, Vietnam
1523248904661093,Mừng ngày Nhà Giáo Việt Nam
104739873227552,M2 - Marketing & Media Network December
600827433383056,Cuộc Thi ATTT 2015
1709634665938326,Blues Night - Nola & Friends - Live @ Saigon Ranger
1638389173109087,Small talk: Nghệ thuật thương thuyết quốc tế dành cho doanh nhân
1516210642033578,19/11 NWG Evening at The Social Club, Hotel des Arts Saigon, MGallery
527372894095943,Nhận Logo Và Đặt Áo
1407347539559829,tết tết tết tết đến rồi
850447408407557,HỌC BỔNG 100% TỪ TRƯỜNG SP JAIN. MỘT chương trình BA điểm đến tại Châu Á - Thái Bình Dương (SINGAPORE, DUBAI, SYDNEY).
850998744998117,DreamTrips- Thanh Pho Ho Chi Minh, Ho Chi Minh, Vietnam
1444459055845708,Ngày susu store thành lập
1523121838001924,ROMI B (Studio 101 - HongKong)
621984551194427,Luxury World
1676521435919011,Z2H: Free Comedy Workshop!
1638603683071537,Swing 2 with Stephane de Paris & Haley from Atlanta
919883004725577,Premiere HÙNG ALI Movie
427718597425292,Super Party for the Children of Thien Binh Orphanage!
516133081895453,AA
1147721275255613,ONILINEFRIDAY
147933212231456,Học bổng du học Pháp cho các chương trình bằng tiếng Anh và tiếng Pháp
944906258916704,NGÀY HỘI MUA SẮM HÀNG THÁI LAN TẠI TP.HCM LẦN THỨ 1
692497527518304,Latino Night!
1676329352608101,HÀNH TRÌNH KHÁM PHÁ BÍ MẬT SỨC KHỎE THÁNG 11/2015
1185739131454038,Escape - The Next Celabration
1514772282153569,U.S. Education and Career Orientation
1709706062594865,Chuyến từ thiện cho trẻ em truong tieu hoc Phuoc Vinh,Tây Ninh
1637955923126632,Christmas at Church
875491222558206,Hội chợ Thái Lan 9-13 tháng 12 năm 2015
1097491116941832,Khai giảng khóa học "Dịch vụ khách hàng tối ưu và quản lý chất lượng dịch vụ"
1636419359964472,Buổi giảng pháp của  Đại Đức THÍCH QUẢNG LỰC
887518494614947,Mua Bán Online
410356192507154,Lớp tiếng Đức Trung A1, tp HCM
1059847834033875,Khóa học: KHÁM PHÁ TÂM LINH
471985069655963,"BIGGEST" NEW YEAR COUNT DOWN PARTY!!!
780757758717315,LIGHT COSMETICS - HỌP BÁO GIỚI THIỆU SẢN PHẨM
1507055316276857,Happy Birthday Yang YoSeob
1691219434441644,Ấm Lòng Cơm Chay Từ Thiện Phóng Sanh Cúng Thí Thực lần (45)❤
1530136120643016,Cổ động viên Việt Nam tình nguyện cải thiện mỹ quan tạo dấu ấn cho địa điểm
1696580997242512,ĐÊM CHUNG KẾT CUỘC THI "INVESTMENT ANALYSIS EXPERT"
1667371076875337,HỘI NGHỊ MÔ PHỎNG  - MINI COP21
317331685104220,Jessica's Last Dodgeball in Vietnam
1629369573996369,Lôi đài MIGATI kỳ 46
913202995427226,Khai Giảng Lớp 08 Đào Tạo Kỹ Sư Thiết Kế Đường Ống
1650885058527739,Họp mặt lớp lần 2
182047475468283,TESTING MONSTER HUNTER X CROSS !!!
1124651970893393,Hội thảo Power BI và Big data bởi nhóm DX Microsoft
466879526822781,Ra mắt chính thức thương hiệu Gạo Cửu Long
1014810091916125,Quản Lý Dự Án theo Tiêu Chuẩn Quốc Tế PMBOK®: HỌC ĐỂ LÀM
1509742802677307,Khai giảng khóa học "PHƯƠNG PHÁP QUẢN LÝ TỒN KHO NHẰM TĂNG NĂNG SUẤT NHÀ MÁY"
1659305187682471,KINH DOANH TRÊN INTERNET - KHÓA 44
206982252968387,Vẽ “Người bạn trong mơ”- Bức Vẽ “hô biến” thành Nệm Thú Bông tặng tác giả
1679693232317526,LEADERSHIP EXCELLENCE JOURNEY - HÀNH TRÌNH LÃNH ĐẠO XUẤT SẮC
1528758890748931,Khu vườn của bé: " Rau - Củ - Quả "
1269087456450623,Bán bánh tại hội thảo Internet Mar ngày 2/12
180347198968408,VIRGIN JOKES @ deciBel
1483723631934208,BUDWEISER FESTIVAL Dec 13th
