event_id,name
749973298425444,HCMC CLUB MEETING 1/12/15
635731223198422,HCMC CLUB RUN 29/11/15
1054725234546881,hcmc.rb Meetup T11
1639524949632281,HCMC AusCham Xmas Sundowners
1647784098809527,HCMC WORKSHOP: NGHỆ THUẬT VẼ MINH HỌA THỜI TRANG 28/11
923560931071519,HCMC 2015 ANNUAL DINNER DANCE AND AWARD PRESENTAION
980109532046690,HCMC Holiday Chorus performs at The Festival of Lights
553994564753217,Terry Fox Run, HCMC
1653481344921139,"[HCMC + Đà Nẵng + Hà Nội] Liên hoan phim Nhật Bản 2015 ""Sắc màu tình yêu"""
541688985990207,HCMc - Đạp cho sướng tháng 11 / Positive Mass of November
505404526303554,"HCMC WORKSHOP: ""KỸ THUẬT CẮT MAY TRANG PHỤC DẠO PHỐ CƠ BẢN"" 25/11"
868113803286255,HCMC Pop-Up Concert: Heaton Sasaki Duo
1483086508637055,WAACKING HIPHOP POPPING class | Skarlet aka Drag AD & Black Jack & D.Arez & Amy | Ho Chi Minh city
516363538546016,Blue Venice (HC/MC) Praha + Evil Buddhist and the Cyclop Apes (SkateCore) Praha ve Fatalu !! Vstup 50,-
137020169988345,HCMC - Sản xuất phần cứng và phần mềm nhúng cho Internet of Things
1220030118104373,Christmas Charity Bazar of HCMC Consular Club
1147882738564437,"HCMC WORKSHOP: ""HỘI HỌA TẢ THỰC & SÁNG TẠO"""
906526716092147,[VietRunners] Road to HCMC Run 2016
1060349784009934,HCMC Celebration: Groundbreaking for Clinic and Specialty Building, Opening of New Helistop
549624805200267,GOT7 Vietnam FC 2nd Offline Party in HCMC
632343673535086,LM & PSBC presents LYDMOR live in HCMC
1656348561311152,QS WORLD MBA TOUR IN HCMC
403409569850856,[OFFLINE – HCMCity] HAPPY CHANYEOL’S DAY AND WEDDING CHANBAEK’S DAY
1222058461147926,KÍCH HOẠT CƠ CHẾ NÓI TIẾNG ANH TỰ ĐỘNGBẰNG 5 BƯỚC HỌC TẬP KHOA HỌC CÙNG SMARTCOM HCMC & CHUYÊN GIA NGUYỄN ANH ĐỨC
499879156840400,M-TP AMBITION – CHUYẾN BAY ĐẦU TIÊN - HoChiMinh City
874835075904840,LM & PSBC present ODDISEE live in HCMC
1736114333285649,Thiên thần 0 tuổi
430795103770759,DA LOC's WINE FESTIVAL HO CHI MINH CITY
1663023173954359,Agile Tour Vietnam 2015 - HCMC
446205618897286,Triển lãm du học QS World Grad School Tour - HCMC
932318536854763,Alex M.O.R.P.H. @ Trance Family Vietnam @ Queen Hall in Ho Chi Minh City...
856704631068589,Lễ kỷ niệm 25 năm thành lập khoa QLCN (1990-2015)
901636653224227,THÀNH PHỐ HỒ CHÍ MINH: Triển Lãm Các Trường Nội Trú và Trại Hè | HO CHI MINH CITY: Summer & Boarding School Expo
737090809728395,BRIAN TRACY LIVE IN HO CHI MINH CITY
1507447266249110,German Education Fair 2015 in Ho Chi Minh City
721108484687936,VIDEOPHILIA (and OTHER VIRAL SYNDROMES): chiếu phim và thảo luận | film screening and discussion
1136662996361958,KaleidoSoup  #01 - MEETING
1648346515421234,Stand-up comedy w/JONATHAN ATHERTON & special guests [HCMC & HN]
846947242093547,QS World Grad School Tour in HCMC
557425051079579,Meet UC Business in Ho Chi Minh City
623909384417183,Roy Wang ~ Jackson Yi The First Offline in HCMC
199849900347668,Golang Vietnam Meetup #5
492765987567572,A Tasting Party - Support HCMC’s Children’s Literacy Program
1519232068389259,Think Fast - Talk Smart Talk Show
509073795927959,DJ Snake @ Hochi Minh City in Ho Chi Minh City, Vietnam
491058557709091,DreamTrip- Ho Chi Minh City, Ha Tinh, Vietnam
1665348500389983,1ST OFFLINE FC ANDY HẢI ÂU IN HCMC
1636273333309339,World Champion Belly Dancer @ Beirut HCMC
1041025602630712,Tiëstolive @ Tiësto - Budweiser Festival in Ho Chi Minh City, Vietnam
807337756046826,Triển lãm các tác phẩm sơn mài và sơn khắc
142608832761191,ANNUAL 2NDS SALE
520105564831146,"Hội thảo ""SỰ KHÁC BIỆT VĂN HÓA VIỆT NAM - NHẬT BẢN TRONG GIAO TIẾP KINH DOANH"""
750748281714728,Tenishia @ NYW in Ho Chi Minh City, Vietnam
451197695066678,Susana @ New Years Eve Countdown in Ho Chi Minh City, Vietnam
181005068915906,Hội nghị tham vấn Hải Quan – VTFA, các Hiệp Hội, DN khu vực TP. HCM, Bình Dương, Đồng Nai lần 2
1507873426195346,The Terry Fox Run 2015
177405102602025,David Gravell @ Queen Hall in Ho Chi Minh City, Vietnam
184444461897531,QS WORLD MBA TOUR IN HCMC
1118660994820141,Tour of Long Hau Industrial Park (south of HCMC)
125122597852220,The QS MBA Tour in HCMC
149304538761869,Kiwi Xmas Dinner HCMC (Sat 12th December 2015)
423109224551631,QS WORLD GRAD SCHOOL TOUR IN HCMC
730495743749028,Tập Chạy Dốc Chuẩn Bị Cho HCMC 2016
1233837203309392,Why ASEAN and why now? Luncheon Briefing, HCMC
1524383694550949,THE SWISS LIFE FOR OVERSEAS STUDENT
426995257494915,HCMC Fireside with Mike Cassidy, Vice President at Google
886398668123104,Supporters for Hồ Chí Minh City Open Int'l Women Football Tournament 2015 - Cổ động Giải Bóng đá nữ Quốc tế Tp.HCM Mở rộng 2015
704613419670791,Bad Neighbour Live at Saigon Ranger
985906324765664,HỘI THAO “SIM 25 NĂM – KẾT NỐI ĐỂ PHÁT TRIỂN”
1715978725289059,QS World Grad School Tour in Ho Chi Minh City
974436035949153,Postgraduate Information Night
1648464892085939,Join International Masters Fair-QS World Grad School Tour in Ho Chi Minh City.
690716074397661,Ahoy! It's a Boy! Kayla's Baby Shower
1536427273264603,"Triển lãm của nhóm ""Ngũ Sắc """
931770880212003,Lazy Sunday
502091833300263,I Am Not Related To Paris Hilton
1634561066796800,Kim's Friday
405987992930610,Dimitri Vegas And Like Mike @ Hypersonic in Ho Chi Minh City, Vietnam
1388442324796856,HCM - KHÓA “VMWARE DATA CENTER VIRTUALIZATION FUNDAMENTALS” MIỄN PHÍ ĐỢT 03 (22/11/2015)
411775655692658,125km Vung Tau - Vung Tau run
533714410128929,Breakfast Club HCMC - Wednesday November 18, 2015
1694036784158640,QS World Grad School Tour in Ho Chi Minh City
1631310107158147,SAIGON TRAFFIC /// LINE UP /// MUI NE
1537877016467620,Saigon Tango Festival 2015, 2-6 December
138048423223427,Saigon Project v Lounech
182639612078173,Saigon Players' Hansel & Gretel
411662922360897,Saigon Artbook - Edition 6
192596887742760,Saigon Charity Bazaar Special Xmas!
1521719851485619,Saigon Indie Night @ SAIGON RANGER
398686067005910,Saigon Soul Pool Party | 2015-16
1642610872682544,SAIGON SUPPER CLUB
466364126896947,Saigon Climbing Team @ VietClimb Cup 2015
1706173342932599,Mundo Lingo Language Social (Saigon #3)
985219994862772,Saigon International Tattoo Convention
111872519182102,Women of Saigon
930395153664597,Saigon Cafe Anniversary Party
995025613883488,Barcamp Saigon 2015
745423882251661,MCPHS Night at Whisky Saigon with GTE(s) 5 Year Anniversary!
1162044413810114,Saigon Reggae Festival #3 - January 23rd 2016 @ Cargo
393788524162895,WELCOME TO SAIGON!
972722572770017,Saigon Warehouse Project 003
1699270880286806,SUNSET VIBES AT SAIGON OUTCAST
414057348785375,Graduation Ceremony - Saigon South campus
1052922628086084,Vietnam Swans & Saigon Gaels Family Christmas Party (and Presentation Night)!
825881260800727,TOUCH ME PARTY at LUSH SAIGON on November 7th
571688909651350,Saigon - Aaron's in Da House
940016226073543,Saigon Vietnam - 6th 200h Yoga Teacher Training
738541012946372,Saigon Flea Market tại Saigon Skatepark
687073791393597,NYE @ Saigon Street Bali
492112924325606,SIEM REAP AND SAIGON 5D4N Travel period: Nov. 28; Dec. 22, 2015
769324746530708,Saigon 1st Bouldering Competition
978023902255856,Battle Of Saigon
1629089714006339,LITTLE SAIGON, here we come!
916219201805250,android.hack.saigon 05.12.2015
755473814599301,Miss Saigon - Fall Joseph Anzalone Theatre Production
1479367552373148,Saigon Vietnam- Kids Yoga Teacher Training
719368461526737,May Saigon Band
105330416502936,L@1S Meet&Greet in SaiGon
1016313698389610,Little Saigon Tet Parade
413613492176268,SAIGON INTERNATIONAL GUITAR FESTIVAL 2015
449208315279813,Paintball Saigon Sunday MAGFED TAC CAP
1649574428587670,German Ball Saigon 2015
923272477722495,Fitnes + Saigon Express @ CK13
1633057173615681,SAIGON URBAN FLEA MARKET (NIGHT MARKET EDITION)
478185015694131,Miss Saigon
921743211214812,SALSA SUNDAY - UPRISING SAIGON
739791859460625,Shakespeare in Saigon
1100199796676321,Final flight for Miss Saigon
517006541812237,Night in Saigon 12: A New Balance
832878440162138,OPERACION SAIGON CNEL. SUAREZ
1651946085088278,CELEBRATE THANKSGIVING AT SAIGON CAFÉ
352365844962785,Saigon by Night (Non English Show)
665950596841543,Stand-Up Saigon Ranger #1
735077243302720,MasterChef Asia 2015
1621257701440717,Tuesday - Life Drawing Classes
311755245655422,Outcast's Outdoor cinema: La Haine (France 1995)
1632599073621622,Black Out Super Jazz Night
1519010425083454,ART DECO - Lana Del Rey Party - SaiGon
1468796560095962,Zeitgeist Zero + Saigon Blue Rain + Black Casino & the Ghost + Geeta
1024404200913038,iLL Beats Saigon presents COME TO DADDY 7 with BOTTLESMOKER (ID)
1517238981930295,"SAIGON HOPE JAM vol XV ""YOUR STYLE"" BATTLE"
1006657816062381,Chương trình Amazing Race Saigon 2015
181782878833227,[TP.HCM] Tư vấn nhóm: LĨNH VỰC PHÁT TRIỂN VÀ NGOs
576649295807118,[TP.HCM] Học bổng ASEAN INTEGRATION SCHOLARSHIP (AIS)
877417562306505,TRIỂN LÃM QUỐC TẾ VỀ MÁY MÓC, THIẾT BỊ, NGUYÊN PHỤ LIỆU VÀ SẢN PHẨM CÔNG NGHIỆP VIỆT NAM LẦN THỨ 10 TẠI TPHCM
1334681039881631,[TPHCM] Giao lưu tác giả và triển lãm ảnh: Ăn dặm không phải là cuộc chiến
1041164115934282,[Offline in TP.HCM] Mừng sinh nhật JIN & V [by BTS ZOO]
1488463164790626,RA MẮT 88 VILLA ĐẲNG CẤP VEN SÔNG SÀI GÒN NGAY LÒNG TRUNG TÂM TPHCM
436004849930354,Sinh nhật Đội Thanh niên xung kích lần thứ 5
729294240471925,NHẬN LÀM BẰNG ĐẠI HỌC TPHCM, LÀM CHỨNG CHỈ TIN HỌC, CHỨNG CHỈ ANH VĂN
947821865304797,LIÊN HOAN ÂM NHẠC CHÂU ÂU MIỄN PHÍ 2015 TẠI TPHCM
465988266906746,"[TƯƠNG LAI XANH TP.HCM] BIG GAME ""CYCLING AND CHALLENGING"""
1654035388177889,Giải giao hữu CẦU LÔNG các đội nhóm tình nguyện TPHCM
506342142874538,giam gia 20%
197038423962760,Ngày Hội Hiến Máu Tình Nguyện - ĐH Mở TPHCM Lần 2 Năm 2015
1668763606671752,Tặng 1000 Đồng Hồ Đôi Miễn phí
910529609036509,[GSYT'15] TẮC TÍCH ... TẮC TÍCH
1059089314115526,Chung Kết Nhảy Cổ Động KV.TPHCM
1607843346160408,Ra mắt website Lê Thẩm Dương
927075350720723,Chương trình TEAM BUILDING - Chào mừng CLB Tình nguyện HOPE tròn 6 tuổi
1516517512002547,HIẾN MÁU CỨU NGƯỜI - VUI CƯỜI HẠNH PHÚC (2-3/12/2015)
1749003568652441,hợp tác chuyên ngành in ấn thiết kế đồng phục.
1645416069063738,"LỄ KỶ NIỆM ""60 NĂM NGÀY THÀNH LẬP TRƯỜNG ĐH NÔNG LÂM TP.HCM", 10 NĂM THÀNH LẬP BỘ MÔN CÔNG NGHỆ HÓA HỌC," CHÀO MỪNG NGÀY NHÀ GIÁO VIỆT NAM"""
1643527149195696,MỞ BÁN DỰ ÁN NHÀ PHỐ LIÊN KẾ GO HOME DREAM KHU VỰC BÌNH TÂN
441028849432114,HO CHI MINH 4 HARI 3 MALAM
1645651059017140,Unternehmerkreis in Ho Chi Minh City
475090992616222,Ho Chi Minh City Trip 2015
641561649280745,Dreamtrips Ho Chi Minh city, Vietnam 27-30 Nov 2015
899315940118243,Ấm Áp Đêm Sài Gòn
917721075007526,sai gon
1052151534809365,"[ ĐÊM NHẠC TỪ THIỆN ] - ""CHẤT SÀI GÒN"""
530966487077466,"ACOUSTIC NIGHT 2.0 - ""SÀI GÒN TRONG TÔI"""
1673153072897440,Đêm Nhớ Về Sài Gòn
170397459977822,Sài Gòn họp mặt cùng Huỳnh Ngọc Chính
929799053767763,Triển lãm tranh Sài Gòn Xưa và Nay + Giới thiệu dự án The Gold View
918811078168615,THAY ĐỔI CUỘC ĐỜI NHỜ THIỀN ĐỊNH
893606694056340,Họp mặt cựu sinh viên trường Cao Đẵng Công Nghệ TPHCM
1733682646859766,CUỘC THI REACH THE TOP
931046223653785,***BỖNG NHIÊN GIỎI TIẾNG ANH BẰNG THIỀN***
944752558928290,ĐÁNH THỨC CON NGƯỜI PHI THƯỜNG TRONG BẠN
913224282097618,25.000 người VÂY BẮT QUỶ DỮ ở SVĐ Thống Nhất - TPHCM
994105733994799,"Cà phê Sáng Phi Lợi Nhuận ""Phát triển cộng đồng và các hoạt động tại TP.HCM"""
467760970075640,ĐÁNH THỨC CON NGƯỜI PHI THƯỜNG TRONG BẠN BẰNG THIỀN
1669437033340250,★ BÍ MẬT THIỀN ỨNG DỤNG ★
537888643030709,Giải bóng đá Hội đồng hương Nghĩa Trung tại Tp.HCM, lần 6 - 2016
1233042353454614,chương trình Đo Mắt Miễn Phí
1226313327396867,TUẦN LỄ PHIM MỸ LATINH TẠI TPHCM
1212368625446112,TUYỂN THÀNH VIÊN – TÌM KIẾM CHIẾN BINH X
991726190899697,Giảm đến 30% chi phí điều trị tại Nha Khoa 3T
1050129005007402,MINI PARTY HAPPY 24TH BIRTHDAY WITH PARK CHANYEOL
537514949731000,ANNE PACEO YÔKAÏ
423159877876048,HỌP MẶT TNXP TRƯỜNG 1 TẠI TP.HCM LẦN III
505632049618301,Naruto
980751665296335,Hội thảo Hỗ trợ Đổi mới Công nghệ cho Doanh nghiệp
743012149176424,Khóa Thi Bằng Lái Xe Ôtô Số Tự Đông Hạng B1
321142341389788,"CUỘC THI ẢNH ""WE ARE TWENTY"" (TP.HCM)"
677952745575695,Mua thảm cũ, bán thảm cũ, thanh lý thảm cũ, tại TP.HCM
394713817404679,[THIỀN CỔNG NĂNG LƯỢNG] Dòng thời gian Tiền kiếp/Tương lai
631160783635286,Địa chỉ mua bán thảm cũ, thảm trải sàn cũ tại tpHCM
592124860905156,Carpets thảm trải sàn Crown nhập khẩu Indonesia, thảm lót sàn nhập khấu, thảm xuất xứ từ Châu Âu, TPHCM
866111476835677,Khóa học chứng khoán tại TP.HCM - khóa 8
897885713633701,"HIPFEST ' LET ME SEE YOUR MOVE """
535978726569411,Cơn sốt THIỀN đang tràn về Việt Nam
1728205167392156,GẶP GỠ CUỐI NĂM VỚI TRĂNG NON
855071091220515,CÙNG NXD CHIA SẼ VIDEO BẢO VỆ ĐATN XD ĐH.KIẾN TRÚC TP.HCM-Làm Đồ Án Xây Dựng Thuê -Nhận Làm Đồ Án Tốt Nghiệp Xây Dựng Dân Dụng Thuê
1036612783035948,Giải tennis Đại học kinh tế TPHCM niên khoá 2007-2011 mở rộng
1813491758875082,Sinh Nhật Thầy Gioan Baotixita Lê Đình Cơ
407571132769856,CLB Tiếng Nhật Lần 6
427770110749644,LỄ HỘI ĐỒNG HƯƠNG PHÚ YÊN CHÀO NĂM MỚI 2016
742380505895733,WORKSHOP RUN MORE RUN
931978370186855,[HCM] GITA 11/2015 | Building Sales Incentive Scheme
1643243845945814,[HCM] REDI 05/12/2015 | Delivering Happiness (book reading)
1520387614946767,FIT FOR SCRUM course in HCM City - Dec 2015
822077791243799,TEAM COVER TFBOYS HCM CITY
1051599734892435,Electric Power in HCM City - Current Status and Future Outlook
1595718864010301,OFFLINE PARTY HPBD TO JACKSON YI ( HCM City ) - 95.000đ/vé
483455978483118,Mini Free Card Birthday D.O. & KaiSoo Day In HCM
917775454980540,W&W @ Hypersonic in Ho Chi Minh City, Vietnam
426286864233621,Gặp gỡ giáo sư Liu, Day Yang - giáo sư đỡ đầu của VSA NTUST và các giáo sư NTUST tại TP HCM
1207592255933943,QS World Grad School Tour in HCM city
644598465643953,Chào mừng kỉ niệm 5 năm ngày thành lập Cộng đồng Dịch giả trẻ (13/11/2010-13/11/2015)
1653917291543568,Sắp khai trương showroom thứ 21 TutiCare Phan Đăng Lưu,HCM
762028467236161,Sắp khai trương showroom thứ 21 TutiCare Phan Đăng Lưu,HCM
439107936255724,Khang Anh COMPUTER Thông Báo CẦN TUYỂN GẤP 4 NAM/NỮ NHÂN VIÊN KINH DOANH CAMERA QUAN SÁT (ƯU TIÊN NỮ) LƯƠNG CAO Tại TP. HCM
165164663837984,LỄ MỞ BÁN CĂN HỘ CAO CẤP LUXCITY 22/11/2015
1717523641810371,TED SAIGON TRI ÂN THẦY CÔ NHÂN NGÀY NHÀ GIÁO VIỆT NAM 20-11
1653871418226721,Estiva @ Queen Hall in Ho Chi Minh City, Vietnam
725340260922835,"Lễ trao giải cuộc thi ""Viết về mẹ"" - Phụ Nữ Ngày Nay"
1646169172322185,Ra mắt sách MÁI TRƯỜNG THÂN YÊU - THẦY GIÁO CỦA NHỮNG HỌC SINH GIỎI TOÁN
471379523018564,[CEO Series] Topic: Modern Banking and the Universal Banking Model
800361323357823,Chuyển nhượng dự án trung tâm HCM
1656182334649628,Party Cty mp Gia Nguyễn
1053742441317347,PhuQuoc Meeting
1591204524467956,Suur seiklus Kagu-Aasias 2016
204623723202537,Authentic Vietnam
1663241800631364,KHAI MỞ NĂNG LỰC CHỮA LÀNH TRONG BẠN
322719451185700,Hội thảo “Việt Nam đã sẵn sàng tham gia cộng đồng kinh tế ASEAN”
187063218296622,CEO PUBLIC SPEAKING
555949701234891,TUYỂN, DÙNG, GIỮ VÀ SA THẢI NHÂN SỰ - Lê Thẩm Dương
1495218810806969,[International Univeristy -VNU] 35th Year Anniversary Terry Fox Run
500423840117190,Andy Moor @ OnePlus in Ho Chi Minh City, Vietnam
1653260184922609,Latin Night with Bad Neighbour - Live @ Saigon Ranger
496623987186051,KHUYẾN MÃI THÁNG 12 TẠI HAIR SALON NGUYỄN HƯNG
1502326910082235,Chương trình Bác Ái Lần thứ 23 - Campuchia
714237438711761,THANKSGIVING DINNER
1683213978558267,SỨC KHỎE & SẮC ĐẸP TỪ NATURALLY PLUS JAPAN * $$$$$$$$ * HMC Tower, 193 Dinh Tien Hoang Street, Da Kao Ward, District 1, Ho Chi Minh City
874334249323234,Ngày hội mua sắm và giải trí Hoa Học Trò GarageSale Sài Gòn
699502706817410,Phiên chợ cuối năm
1714914705410262,PHUQUOC MEETING
1115755325103483,Certified Professional Coach (5-day Intensive Coaching Development Program)
172015596484680,Merry chirstmas
497474997090416,CAREER COMPASS - ĐẶT CHÂN NGAY VÀO THẾ GIỚI MARKETING & COMMUNICATIONS
543887232441917,TRIỂN LÃM QUỐC TẾ VỀ CÔNG NGHỆ HÀN CẮT & GIA CÔNG KIM LOẠI VIỆT NAM LẦN THỨ 4 - METAL&WELD 2015
1671070769775735,『なぜ今、シュンペーターなのか』秋元征紘氏 出版記念講演 in ホーチミン
758027511009337,35 năm Thành lập Trường THPT Đầm Dơi - Sài Gòn về nguồn nào ^_^
883542348401279,WORKSHOP Giới thiệu 3 Khóa học Nhập môn- Concept Art- Mobile Game Art
1701251846786746,Bé học xếp giấy: Origami
1678424979065826,Hello Sale Hunter 28,29/11
1903560073203000,Gwennili @ Saigon Outcast
922981211110550,Khai mạc Năm Thánh Lòng Thương Xót
923304757761862,Off Nhẹ Và Nhận Áo Team
573130449507448,Big Sale HMI Weintek MT6070iP 3TR/1PCS
915555705185172,Exclusive Bordeaux Chateau wine dinner with Michelin Chef Michel Portos
906260389439210,The 4th Int'l Exhibition on Metalworking and Welding Technology - Metal & Weld 2015
1674987226048875,RMIT GradKnight 2015
1634811676806312,Ngày hội Robothon Quốc tế 2015
910435195709879,3rd Annual Mass Yoga Practice-2015
1651077358490304,Young Talent Training Camp
778725858916053,Soiree Beaujolais Nouveau . Animation musicale, Ferme vivante , Mechoui et Tombola avec de nombreux lots a gagner
1094343180578474,OFFLINE MỪNG SINH NHẬT TUỔI 15 CỦA THIÊN TỈ
553707154776476,BEFORE  I DIE, I  WANT TO.
1640299296249931,Caravan XI-2016: Đông Bắc Biên Cương
1695189700704438,POUR NOEL  OFFRONS UN TOIT AUX ENFANTS DU DRAGON APPEL A MECENAT - Evenement PUBLIC -
1674692909412629,Marco MEI @ The Observatory in Ho Chi Minh, Vietnam
516654305161658,Live music with songwriter BILLY PAGE
505817212923414,"Trò chuyện với Gs Tôn Thất Nguyễn Thiêm về ""Nghề Nghiệp và Cơ Duyên"""
928651557224644,ME Music Contest - Chung kết văn nghệ khoa CN Cơ Khí - IUH
448681385319878,Home Game #4: Saigon Heat - Malaysia Dragons (28.11)
1049885751717830,Mundo Lingo Language Social (Saigon #5
963826993656703,Trải nghiệm LIN Ơi, Mình Đi Đâu - Công cụ mới để gắn kết nhân viên
863818937066030,Tape Machine / The Lost Art / Ryan Thompson
1420029494955927,Hội Thành Viên Moon coffee ( Giảm 20% khi bạn là Thành Viên)
934165203347159,KỸ NĂNG GIÁM SÁT KINH DOANH
622805614525410,DreamTrips - Thanh Pho Ho Chi Minh, Ho Chi Minh, Vietnam
1633215753600006,KỶ NIỆM 6 NĂM THÀNH LẬP HĐB (2010 - 2016)
1097525770265879,Tuyển Nhân sự nguồn CLB Khởi nghiệp Sáng tạo
625905840883347,OSKAR OFFERMANN (WHITE, Mule - Berlin) - Supported by KIN (The Observatory)
1048580948520263,Tiệc Gấu
196339154035041,KIds Christmas with Santa @ Britz
1617910321803458,Họp báo ra mắt single Sầu Lẻ Bóng - ca sĩ Tiểu My
134546073570468,Kỹ năng kiểm soát số liệu kế toán thuế, LẬP - ĐỌC - PHÂN TÍCH Báo cáo tài chính, Báo cáo quyết toán thuế TNDN  | KHAI GIẢNG 27/11/2015
1519188885061886,"ĐÊM NHẠC GÂY QUỸ TỪ THIỆN : SẺ CHIA YÊU THƯƠNG """
503683439801590,TAS Christmas Bazaar 2015 / Chợ phiên Giáng sinh TAS 2015
189465291389771,ĐÊM VĂN NGHỆ TRI ÂN THẦY CÔ
630508290397731,Vietnam to Cambodia Bike Ride
184997641682726,Chào Tân sinh viên 2013
979805182080949,Workshop may áo dài cách tân buổi 2 của Nghệ thuật cắt may TP Hồ Chí Minh
185119101830875,GIAO LƯU & CHIA SẺ KINH NGHIỆM TRONG GIAO DỊCH TÀU RỜI 2015
116156808747985,DISC - Thuật thấu hiểu lòng người
1723582064530645,[HCM] The first date - QingYuVN offline   Qing's b'day party
420322011496986,Reggae Sunday - 22 Nov @ Saigon Outcast
1654326954816284,Tri ân khách hàng 01/12/2015
631265380347638,Touch Fes 2016
103780789985311,[Workshop] Ăn uống vẹn toàn
1654600748150652,Khai giảng lớp phát âm và luyện nói IELTS - Sonus Level 2
1058521250847143,Họp Mặt Cộng Đồng Người Chuyển Giới 2016 (MTF)
406829072835666,Hội chợ Thương mại Quốc tế Việt Nam
1708577069371002,Giải vô địch sinh viên mở rộng
1539218623005421,Wine Party
122286908135599,NHẬN VÉ XEM HÒA NHẠC BAN NHẠC BRANDT FRAUER BRICH MIỄN PHÍ
1492874717709061,Tour đạp xe Suối Tre + đón Ái (thành viên SGT đạp xe HN - SG)
1681847088719406,Yếu tố cá nhân và gia đình quyết định việc trao quyền ở người phụ nữ
478515825661630,"QUẢN TRỊ NHÂN SỰ: ""NĂM MỚI"," LƯƠNG MỚI - NHẤT CỬ LƯỠNG LỢI"""
529715233844807,Quản Lý Dự Án theo Tiêu Chuẩn Quốc Tế PMBOK®: HỌC ĐỂ LÀM
587786681361995,Liên hoan Ẩm thực Món ngon các nước - Taste of The World
1084051461628235,DreamTrips - Thanh Pho Ho Chi Minh, Ho Chi Minh, Vietnam
1713200985567912,LIÊN HOAN VĂN NGHỆ MỪNG SINH NHẬT CLB TÀI NĂNG SÂN KHẤU
1631223837143296,CLUB FRANCOPHONE DE L’IDECAF  (9ème saison) Nº65 Samedi 12 décembre 2015 14h-17h 4ème vide-greniers de l’Idecaf
171696766513692,XUÂN BIÊN GIỚI - NGHĨA TÌNH ĐẤT ĐỎ
182401922107555,Kích Hoạt Siêu Giác Quan cho Trẻ
1022795431076237,Bicycle Corporation @ The Observatory in Ho Chi Minh, Vietnam
1647685948816343,Terminal & Javana - Live Rock Music @ Saigon Ranger
455637751283813,iziShare GÒ VẤP - Chia sẻ bí quyết nói tiếng Anh tự tin, Thứ 3 hàng tuần
926958700717655,Heart Beat (Saigon) @ 3 YEARS HEART BEAT W. MØRBECK // CODE IS LAW & THE...
795736280537475,Vietnam/Cambodia Cycle
1163434467004393,Book, wine, music & more – book club // @deciBel
1626927544222999,Chút Lạnh - Acoustic Night
524628811027230,"Khóa học ""Kỹ năng kiểm soát số liệu kế toán thuế", LẬP - ĐỌC - PHÂN TÍCH Báo cáo tài chính," Báo cáo quyết toán thuế TNDN"""
963139843743501,Góc Pháp Luật lần 4 - SOẠN THẢO VÀ THƯC HIỆN HỢP ĐỒNG TRONG KINH DOANH THƯƠNG MẠI
614363315369846,Tri Ân Thầy Cô
133798883645899,HỘI CHỢ THƯƠNG MẠI MÙA ĐÔNG 2015
423555677848446,Grokking Meetup #6 - Coding Challenge
136941413335064,[BIG OFFLINE] [HCM] HAPPY ANNI 1000days WITH #DOPE BOY
520820201413981,DreamTrips - Thanh Pho Ho Chi Minh, Ho Chi Minh, Vietnam
686337388133063,Exciting trip to Vietnam and Cambodia!!!!.....
569504093201752,Lễ Kỉ Niệm Ngày Nhà Giáo Việt Nam
1485905395049069,Khóa học: MISSION - A LIFE WITH PURPOSE
551504168321268,"[BAC] - [SE02] - Khai Giảng ""Software Estimation"""
1017664094920484,MADONNA & BRUNO MARS TRIBUTE NIGHT!!!
959475154113973,JUNGLE BIKING CHALLENGE #4
197446043924959,Afterwork UFE Avenir
1004501272934293,NĂNG LƯỢNG NGÀY MỚI LẦN 2 - 300 SUẤT ĂN SÁNG CHO BỆNH NHÂN
491548331013231,M.A.N DEBUT PARTY
2111249605680682,LA GRANDE SOPHIE
1640768362814765,Gặp gỡ chuyên gia phân tích thị trường hàng đầu Janne Muta
1026266517404863,Tổng khai giảng chương trình đào tạo ĐỒ HỌA ĐA TRUYỀN THÔNG
901441069942273,RMIT Saigon Personal Edge Workshops (Dec 2-3)
1489600091342084,Black Friday
1643882742553367,Pur tham gia hội chợ Thái Lan 9-13 tháng 12
1105684389456261,Hội chợ thương mại hàng Thái Lan
1045203018844119,DreamTrips - Thanh Pho Ho Chi Minh, Ho Chi Minh, Vietnam
977812568945998,Họp mặt anh em Tây An
1705848732980878,Hội thảo du học Singapore vừa học vừa thực tập hưởng lương, học bổng 200 triệu
1526600467663466,The Empty Pockets @ Van's Unforgettable in Ho Chi Minh City, Vietnam
764871663617846,THI THỬ TOEIC VÀ TƯ VẤN KỸ NĂNG LÀM BÀI TOEIC MIỄN PHÍ
464495213732121,THÔNG BÁO HỌP MẶT FCV - 2015
538279132989832,LẬP KẾ HOẠCH KINH DOANH VÀ NGÂN SÁCH TRONG BỐI CẢNH HỘI NHẬP
250309228458366,2013/11/09 Từ Thiện: Ở Sóc Bom Bo - Một tấm lòng - Một vòng tay
1647213525551952,CEO TALK: FROM A TRADER TO THE CEO OF HSBC VIETNAM
423717384415158,"Đêm nhạc từ thiện "" Ngày Ấy Đâu Rồi"" Thứ 6 (30/08/13) và Thứ 7 (31/08/13)"
527385800759438,Đón tàu Thanh niên Đông Nam Á - Nhật Bản 2015 tại TP.Hồ Chí Minh
608762552594198,iziTalk - Bí Kíp Thuyết Trình Tiếng Anh Siêu Đẳng
981889315202456,Khai giảng khóa học SAP- Khóa 13
520514754791299,Toy Festival
623228254478204,Travel Ho Chi Minh Vietnam's
522359454596124,Startup Essential: Finance for Founders
758722094239535,Hội thảo “6 bước xây dựng doanh nghiệp thành công”
489393957905197,SharePoint Saturday Vietnam - 9th Event
1635747950032736,Chợ phiên công nghệ Ai Bán - Ai Mua (tháng 11)
1649728361965138,BỮA CƠM SẺ CHIA
476987945841463,KHÓA HỌC SEO-MARKETING ONLINE - ĐÁNH THỨC TIỀM NĂNG KINH DOANH TRONG BẠN
1703998466479897,JAZZ NIGHT - SHUN SAKAI & JEAN
993550154026187,"Concert ""GOODBYE SAIGON"" & ""Spécial Françoise Hardy"" by Thắng Donna"
1077965492215167,"CƠM ""TỰ THIỆN CHO NGƯỜI LANG THANG"" T11/2015"
1573780222895939,Ngày hội Mottainai 2015: Trao yêu thương - Nhận hạnh phúc
818042981641643,CỰC TÂY – MÙA HOA DÃ QUỲ
461298460744205,"CUỘC THI UỐNG BIA ""MÃNH HỔ VÀNH ĐAI XANH"" LẦN III - T11/2015"
543655185782549,VIFA Fair 2016 (8 March to 11 March, 2016)
185859111756213,Jonathan Mendelsohn @ HEINEKEN GREEN ROOM in Ho Chi Minh City, Vietnam
157307111289538,IFD - International Friendship Day
489692841197214,Triển Lãm ảnh MY BHUTAN
1520378681616309,EFR Study Trip
1517636418547610,The Terry Fox Run
1525089304475624,"HỘI THẢO THAI KỲ CÙNG BÁC SĨ BV TỪ DŨ  "" CHƯƠNG TRÌNH TẤT XANH "" chủ đề "" CHO LẦN ĐI SANH TẠI BV TỪ DŨ """
796359963823801,YES After Work - Christmas Edition
423850587821938,Sống với giá trị NLP cùng Helena Hien Vo
326413324149212,DU HỌC NHÀ HÀNG KHÁCH SẠN TẠI THỤY SĨ !
141783372845728,LATE NIGHT WITH DIANA AND BRIAN
1557137024539335,"Sự kiện ""Tự Giới Thiệu"" - Gắn kết tình củm BGV"
785083881617402,A Night with Jonathan Atherton
1676106492658615,WIAL Vietnam - Foundations of Action Learning
1502150523415752,Phát triển sự nghiệp và Xây dựng thương hiệu cá nhân
963246437103211,MỘT SỰ KIỆN HOÀNH TRÁNG CỦA SAPPORO
1517252088592543,"Mini Show ""ĐÊM NHẠC CHĂM"" 2 - Chủ đề: DÂN CA CHĂM"
519090021584170,NGÀY HỘI VENTURECUP 2015
1405303876431734,Mesa Redonda Para Discutir Se É Peita Ou Camiseta De Banda
1652058751713806,Asia Ventures Summit - 第7回 和僑世界大会inホーチミン -
989215157823834,Clinic Session || Climbing coaches: Janet Goh
1229112313782698,BASS REPUBLIC @ LUSH's FRONT ROOM
879336822135979,PASSING ON THE MANTLE 2016
492973564196201,Coffee Talk: Tôi chân ngắn, đi để thấy mình nhỏ bé - Kỳ 2
142489732775742,"[HCM] ""CHÁO NÓNG ĐÊM KHUYA - ẤM TÌNH THÂN ÁI"" LẦN 3", ĐÊM 21/11/2015
115510352145960,YOLA DREAM TOUR 2015 - STEP BEYOND
1552412775048787,GLOBAL DAY
1708970406004977,DIỄN ĐÀN LÃNH ĐẠO TRẺ VIỆT NAM 2015
1652546251661088,[HCM] HỘI THẢO F2-KẾ TOÁN QUẢN TRỊ
1642044482711178,Triển lãm và Hội thảo Quốc tế lần thứ 11 về Công nghệ xử lý, chế biến và đóng gói bao bì tại Việt Nam
1508347219459135,DreamTrips- Thanh Pho Ho Chi Minh, Ho Chi Minh, Vietnam
147114455645070,Du học Mỹ tiết kiệm với chương trình Cao đẳng Cộng Đồng
878190755634253,The Jingle Bells JoyRide
186283245051572,DreamTrips - Thanh Pho Ho Chi Minh, Ho Chi Minh, Vietnam
190853124587106,KHÓA HỌC NLP- LIVE WITH POWER_Khơi nguồn sức mạnh nội lực bên trong bạn
1717752625120818,HỘI SÁCH CŨ TỪ THIỆN của THƯ VIỆN IDECAF
770446929732029,St Andrew's Ball
934528249967335,Design for Startup Hackathon
1164280260255705,Luxury Garage Sale Event
542668749205988,Gameshow “Be Crazy Be Funny”
143844432640742,Fundraising STAR WARS movie nights by UEC
905008766246226,Prisma - The Night Run 2015
435322593338815,Last Swing 1 with Ben & Thuy (for 2015)
795999260515174,iziShare - Bí Kíp Nói Tiếng Anh Tự Tin & Lưu Loát
525586757605679,Clinic Session || Guest coach: Sam Whitley
453667674816044,Vietnam Retail Banking Forum 2015
858874757559077,Chuỗi Hội thảo Quản trị Khách sạn Blue Mountains - Du học Châu Âu - Du học Hàng Không
192475747754735,Sở Hữu Trí Tuệ
991910604185166,TECH Afterwork avec la French Tech Viet
1658388237753858,Mundo Lingo Language Social (Saigon #1)
1667516100192564,Hội thảo SMS Brandname - Marketing trong thời đại số
1667176276899761,Hội thảo Dự bị Đại học của Trinity College - Bước chuẩn bị vào Melbourne, ĐH Số 1 Úc
1484603061846426,CHIÊU SINH LỚP DIỄN HỌA NỘI THẤT BẰNG V-RAY KHÓA THÁNG 12/2015
1254733711210840,Before N' Now & Apollo - Live Rock Country Music @ Saigon Ranger
511667155662904,The Empty Pockets @ Saigon Ranger in Ho Chi Minh City, Vietnam
1075900679094831,DreamTrips - Thanh Pho Ho Chi Minh, Ho Chi Minh, Vietnam
1656788981261051,"Hội Thảo ""GPA Trên 7.5 – Cơ Hội Vàng Săn Học Bổng Du Học """
764835670294999,Lễ Kỷ niệm Ngày Nhà giáo Việt Nam (20/11/1982 – 20/11/2015) và Chương trình “Người Sư phạm” lần VIII năm 2015
1621002981483264,ĐĂNG KÝ GIA NHẬP THÀNH VIÊN CỘNG ĐỒNG DOANH NHÂN PEC
493719907454733,Giải Pháp Nguồn Cung Cho Nhà Hàng Lần 2- 2015
1676855795934448,Happy Birthday CHỢ SALE 1+1=3
410271959178819,M.A.C. LADY FAIR - NGÀY HỘI THANH LÝ
1651687241722923,Triển lãm Giáo dục QS World MBA Tour – Các Trường Đào tạo Thạc sĩ Quản trị Kinh doanh Quốc tế - Thu 2015
904360302946503,HOSPITALITY CAREER FAIR
806269369499422,DreamTrips- Thanh Pho Ho Chi Minh, Ho Chi Minh, Vietnam
114129678945593,JacQ Launching Event
1033124196708995,"Chương trìnhTruyền giảng ""Mừng Chúa Giáng Sinh"""
1640326062879659,INITIAL Event
715990218523326,Cơ hội nhận voucher free Bar & Pub
914116092001142,"Hội thảo ""Khởi nghiệp đầu tư và kinh doanh bất động sản"""
148966468795177,SAIGON URBAN FLEA MARKET - CHRISTMAS EDITION
1560166957556972,RCS Khai giảng Chuỗi khoá học nghiên cứu định lượng trong Nghiên cứu khoa học
631984013611089,[Meetup] Key Factors to Ensure Test Automation Framework Success
1521727101485445,Free Zumba(r) Beach Party In Hoang Anh Gia Lai 3, NewSaigon, District 7, Nha Be
1015853445139298,DreamTrips - Thanh Pho Ho Chi Minh, Ho Chi Minh, Vietnam
945572608838012,DreamTrips- Thanh Pho Ho Chi Minh, Ho Chi Minh, Vietnam
1642191769376008,The Empty Pockets @ Conservatory of Ho Chi Minh City in Ho Chi Minh City...
570911803060678,Home Game #5: Saigon Heat - HiTech BangKok City
1641444309454295,Live concert HIRO SANADA & FRIENDS
614073462063699,TRINITY COLLEGE – CON ĐƯỜNG ĐẾN ĐẠI HỌC MELBOURNE
494764264037412,ART MARKET- Cozy Christmas
1913467532211684,[ 3 NGÀY CHO CALLIGRAPHY, TẠI SAO KHÔNG? ]
1300065630019579,BOLOGNESE PASTA // Free food @ deciBel
506193636215894,[14] THÔNG BÁO HOẠT ĐỘNG TÌNH NGUYỆN - DỌN VỆ SINH CÔNG VIÊN Ở TP HỒ CHÍ MINH
964558963605182,Cùng xây không gian yêu thương - Tư vấn giải pháp vật liệu và kiến trúc miễn phí
1629460350652117,Sự kiện Ra mắt Siêu Dự án VINHOMES CENTRAL PARK
147122932314782,THỞ & NHẢY -  “Connect to your body & heart”
1712903448943953,"MASTER CLASS ""THUYẾT TRÌNH CHUYÊN NGHIỆP"""
189186581416344,CHƯƠNG TRÌNH TỪ THIỆN  MIỀN YÊU THƯƠNG
454615604712551,Khay nhựa + hạt giống= 80.000 đồng
906401222748379,2nd BTS OFFLINE tại miền Nam - ATSM Team
893238854063197,"Chương trình Thiên Nhiên và Em lần 2  CHỦ ĐỀ "" HỌC BỔNG SINH VIÊN TOÀN QUỐC """
638776259596185,Thời điểm thuận lợi để ghi danh nhập học kỳ tháng 9/2016 tại đh St. John, Mỹ
1044168592280224,Kremlin Cup 2016
1660552524216133,"CHƯƠNG TRÌNH MIỄN PHÍ ""TẦM SOÁT BỆNH LÝ TIM MẠCH"""
420033614863551,“Exploring Southern Vietnam in about 100 hours”
528961267266179,Phu My Hung Comedy Night
864041886997217,Roots Reggae Dub @ Broma - 26th of November
415560751901803,تخفيضات الجمعه السوداء (black friday)
1514846838808883,DreamTrips - Thanh Pho Ho Chi Minh, Ho Chi Minh, Vietnam
775060535938975,Triển lãm Quốc tế lần thứ 11 về Công nghệ xử lý, chế biến và đóng gói Bao bì tại Việt Nam - Propak 2016
1516099898705226,Chương trình THE BEST OF 500 ONLINE SHOP lầnđầu tiên được tổ chức tại VN
1097659073578691,U21 Quốc tế 2015
1534172186874420,LEADERSHIP EXCELLENCE JOURNEY - HÀNH TRÌNH LÃNH ĐẠO XUẤT SẮC
1405085129821337,Vinhomes Central Park - Khu Đô Thị Hiện Đại & Cao Cấp Bậc Nhất Việt Nam
1628876144040385,DreamTrips- Thanh Pho Ho Chi Minh, Ho Chi Minh, Vietnam
1675390636081561,Burlesque Strip Tease Workshop
199405303727652,RODION (nein / roccodisco - IT)
566175580204077,A Night of Stand Up Comedy with Jonathan Atherton
1526832960967465,OPEN MIC @ deciBel
1506351686359278,Couchsurfing Saigon Bicycle club 's birthday - Cycling to Dinh An, Tay Ninh
1500362113591255,"Dragonfly Theatre Company present the hilarious play ""Lawrence and Holloman""."
361826890689198,NGÀY HỘI GIẢM GIÁ HÀNG WILTON
1521068511540029,KaleidoSoup #01 - PARTY
703531249746900,Lễ Kito Vua - Bổn mạng PT TSC VN
920532884705447,"Workshop tháng 11 ""HANDOFEMO - Cân bằng cảm xúc"""
1642038106013042,Khai vận - Kích hoạt khí 2016 tại Tp. HCM
1654656524793572,ĐỊNH CƯ MỸ - DIỆN EB-3
497540377073623,BEST CHRISTMAS PARTY IN SAIGON!!!!
541361516018697,Lawrence and Holloman
136599536699616,Học Marketing ở đâu tại Singapore?
1672166549701268,[SG] Giao lưu với tác giả Đặng Hoàng Giang
165288087155118,HƯỚNG DẪN KỸ THUẬT THỰC HIỆN TVC
1862289050664286,THE BEATS SAIGON 9th ANNIVERSARY feat. D-STYLES (Beat Junkies)
531123497045760,SPECIAL THANKSGIVING DINNER
1703776966504174,Talkshow: Chiến lược kinh doanh nào cho thành công?
1686890481593187,Khóa học FINANCIAL MODELING FUNDAMENTALS 11  - Kỹ năng xây dựng mô hình tài chính thực tế - chuẩn mực
925268004218508,HIP HOP NIGHT ON THE TERRACE OF BLANCHY'S TASH
1522441931403370,MOËT & CHANDON CHAMPAGNE DINNER AT LEVEL 23 SIGNATURE
1035314519836199,LIÊN HOAN PHIM VIỆT NAM 2015
405973212925585,DreamTrips - Thanh Pho Ho Chi Minh, Ho Chi Minh, Vietnam
1727916837436720,Tự tạo nút bấm không dây & quan sát nhiệt độ qua internet
654461881357842,HỌP MẶT PALEI PADRA THÁNG 11/2015
1284046531620841,Tiësto @ Budweiser Festival in Ho Chi Minh City, Vietnam
1674089026164377,Latin Night
979761405403606,INFORMATION SEMINAR CAFÉ
347861952089823,EFAIR 2015
1643381175903642,SẮC MÀU LỄ HỘI KATÉ - RAMÂWAN Lần XI - Năm 2015
555065451317943,ホーチミンに集まっとかNight！
1651302205118023,Christmas @ Britz
1635667590055386,Startup Basic: Creative Inbound Marketing
1719877178240884,CME Nhãn khoa- Tuần lễ CME Đại học Y Dược TP. Hồ Chí Minh
436888249849609,BEAUJOLAIS NOUVEAU HCM 2015
184165651924959,TĨNH TÂM MÙA VỌNG: MARANATHA III - 2015
1661242774134560,CHUCK II HỘI TỤ 6 MÀU đang có The Best Game
1024496687595216,TRIỂN KHAI INTERNET MARKETING HIỆU QUẢ CHO NATURALLY PLUS VIETNAM
1219579281404698,Diễn đàn Doanh nghiệp Việt Nam - Cộng hòa Séc
1691900327712119,SINH NHẬT HỘI TNPTTN 5 NĂM 1 CHẶNG ĐƯỜNG
1075252359181865,Motorcycle Adventure in Vietnam Jan 2016 BOOK NOW
736325763177454,Coffee and Health
942502089120677,Tham dự buổi công chiếu The Hunger Games: Húng Nhại – Hồi Kết
186513501688889,BÍ MẬT KHỞI NGHIỆP KINH DOANH MẠNG THÀNH CÔNG
805936946171777,Caravan XI - 2016: Đông Bắc Biên Cương
777733555669023,[BAC] - [FBA] - Khóa học FUNDAMENTAL BUSINESS ANALYSIS
1690758604502588,Tôn trọng sự đa dạng về giới tính 2015 - I vote yes for you
1484609308508052,Chinh phục LangBiang huyền thoại !
425697107630544,DIY -  ĐẦM TUTU - HANDMADE TUTU DRESS FOR BABY GIRL.
143078432716580,Triển Lãm Tại Hội Chợ Mùa Đông 2015
917672741659862,La Grande Sophie @ Institut Français in Ho Chi Minh City, Vietnam
511804775649731,CHỢ ĐÊM BANGKOK - BANGKOK NIGHT MARKET
1195426057139585,CHUỖI HỘI THẢO: DỊCH LÝ - PHONG THỦY - TỬ VI
1513308675646827,Khóa học FUNDAMENTAL BUSINESS ANALYSIS TẠI Hà Nội
1633865473528494,OFFLINE TESOL tại TALENT
427989960731914,CHƯƠNG TRÌNH CHĂM SÓC SỨC KHỎE CHO BÀ CON NGHÈO TẠI: CHÙA PHƯỚC HUỆ, ẤP LƯƠNG NGÃI, HUYỆN CÁI BÈ, TỈNH TIỀN GIANG
1159030577448377,Vietnam Expo In HoChiMinh City 2015
1109265265750628,Fi Vietnam 2016
1659661840956158,TẾT DÙNG HÀNG VIỆT - BÍNH THÂN 2016
1634227493510358,"Khai giảng Khóa Học ""GIÁM ĐỐC MARKETING ONLINE"""
1699526300334531,Mundo Lingo Language Social (Saigon #4)
117378128624899,THAM DỰ DEMO LÀM BÁNH MIỄN PHÍ TẠI BAKERLAND
1494651544163641,ĐẠI HỘI ĐẠI BIỂU HỘI TNHSSV HỌ DƯƠNG KHU VỰC MIỀN NAM VÀ HỘI NGHỊ HỌ DƯƠNG MIỀN NAM
913726102016230,アジア住みます芸人「ダブルウィッシュ」ライブ in サムライカフェ
1181828128499301,Khám phá bí mật giai đoạn CỬA SỔ VÀNG của trẻ
867754930012766,Rượu Nho Rang Rộn Ràng Lễ Hội
939849736108849,Clouds of Sils Maria // Movie @deciBel
424468137738057,HỘI NGHỊ NHÂN SỰ VIỆT NAM 2015
521058938061840,THE SAIGON GRAFFITI 1ST WORKSHOP 05/12/2015
192597301083272,2nd Cocoa Revolution
1649497315327916,CÔNG BỐ MỞ BÁN ARIYANA SMART CONDOTEL
407965239373341,3RD INTERNATIONAL CONFERENCE SUSTAINABLE AGRICULTURE, Food and Energy 17-20 November 2015 in VIETNAM
714537595342870,EAOC LOFT PARTY w/ GUSTAV LE BON [CYP] | NOV 21ST | THE OBSERVATORY
958954417448605,The 7th Golden Cashew Rendezvous - Vietnam 2015 (Hội nghị Điều Quốc tế VN Lần VII - 2015)
747267515322948,SITE SCAM VÀ ĐẦU TƯ
1528507317470530,Afterwork UFE Avenir
727351294066130,KHÓA HỌC CHUYÊN ĐỀ FLASH
918815728153625,Nước hoa DAMODE sản phẩm hàng đầu ở PHÁP
441839982667436,Khóa học: TRƯỞNG PHÒNG KINH DOANH CHUYÊN NGHIỆP
1642998415970980,CUBA - La Casa de la SALSA
816406775135427,CÔNG BỐ MỞ BÁN DỰ ÁN DRAGON HILL 2
1002359466476664,Sài Gòn International Tattoo Convention 2016
1517804545199422,Chương trình biểu diễn chuyên đề Rockschool Drum& Guitar
543875712442279,Andy Moor @ Vuvuzela Nguyen Binh Khiem in Ho Chi Minh City, Vietnam
549192808571431,Lễ mở bán dự án Cát Tường Phú Nguyên
503013489880764,Khóa học FINANCIAL MODELING FOR STUDENTS  - Trang bị kỹ năng phân tích cho sinh viên
945773412167164,Asian Tour 2015 / Gira Asiática 2015
1647507122170549,Hội Sách TP HCM lần IX năm 2016
951818681522660,Talkshow Du học........không phải là giấc mơ.
840096532780434,Directors: Are you equipped to to seize - and save - the day?
1650607558527327,Makers meet-up: Artisans Makers
380347925486339,Khóa học hè Titan - 9 tuần thử thách
892649937474491,DANH NGÔN CÀ PHÊ CAFE.NET.VN
1522705568048224,[Hà Nội] Sưởi Ấm Trái Tim 2 - Warming Hearts 2
441791196018550,Chung Kết Toàn Quốc Nhảy Cổ Động UniGames
533717493449855,NGÀY HỘI TRAO ĐỔI SÁCH BOOK EXCHANGE DAY 4
439904049551763,"Sharing ""CÔNG THỨC THÀNH CÔNG: NGOẠI NGỮ và KĨ NĂNG MỀM"""
1640441632884917,Comedy with Soul!
892525794172238,Triển lãm Giáo dục QS World Grad School Tour – Các Trường Đào tạo Sau Đại học Quốc tế – Thu 2015
736854409753137,OUTCAST BEER FEST - CHRISTMAS EDITION
886099961445115,I.C.U LADIES NIGHT  @ E.R with DJ LAN KIDO
554380491387541,KỲ 33: PHÁT TẶNG 600 PHẦN THỨC ĂN CHAY CHO BỆNH NHÂN - ĐỊNH KỲ 2 LẦN/THÁNG
929996930426373,[CHƯƠNG TRÌNH HỌC THỬ KHÓA HỌC KIỂM TOÁN QUỐC TẾ THỰC HÀNH - IAu] CHỦ ĐỀ KIỂM TOÁN: ĐÁNH GIÁ RỦI RO KHÁCH HÀNG
1656401337951247,LOZI FAIR
540286862788351,Talkshow: Giao lưu cùng nhà báo - phát thanh viên Hồ Thủy
489124871259892,"Khai giảng khóa học ""PHƯƠNG PHÁP LẬP KẾ HOẠCH SẢN XUẤT"""
112055882496156,ROSCIUS (Muta - FR) LIVE ACT - supported by DAN LO (EAOC)
147836405575804,Makers meet-up: Makers và ArtKglass
983628185032105,Khóa học: TÌM LẠI CHÍNH MÌNH
1151740234853898,PECHE A LA MOUCHE // Live music @ deciBel
1118925088119512,STRATEGIC ACCOUNT PLANNING, CYCLE 1
1641671362774614,Hội thảo “Xây dựng mạng lưới Thanh niên giám sát nạn buôn bán động vật hoang dã trên Internet”
890966060986998,HỘI CHỢ ĐỒ GỖ VÀ HÀNG GIA DỤNG VIỆT NAM 2015
905689322853637,[Hà Nội] Mùa Đông Ấm Áp 2 - Warm Winter 2 - Hanoi 25/11/2015
843714479079121,"HỘI TRẠI TRUYỀN THỐNG ""QUẢNG NGÃI MỘT NGÀY VỀ"" LẦN 3 NĂM 2O15"
902310349847187,Oysters Fiesta, Thursdays-Fridays-Saturdays
1659170661026981,Khai giảng Khóa Luyện thi Đại học mới T12/2015
1491009331203182,Mitsubishi Seminar for HCM University of Technology Students to Expand Career Options
1661429304135978,[MINI OFFLINE] HAPPY BAEKHYUN DAY❤
1233002830058921,Đêm chung két Văn nghệ 20/11 THPT chuyên Lê Hồng Phong
712009595602015,Dành cho iFan: Test-Drive Office 2016 và OS X EL Capitan
1542894519335025,DreamTrips - Thanh Pho Ho Chi Minh, Ho Chi Minh, Vietnam
1521978201451195,Made In House
1049794151708209,CAREER COMPASS - Kim chỉ nam nghề nghiệp Marketing & Communications
665696516910156,Học tập - Làm việc tại Nhật Bản
509992435843792,Hội trại truyền thống - EF's Camp 2015 - W.A.Y - Where are you?
758281127610735,BẢN TIN VOH SỐ 22 - RONG KINH - BÁC SĨ NGUYỄN THÁI HÀ
792202657568490,Covato 2 Hino Night
1510567955909044,[THUY DESIGN HOUSE] FINAL GRAND SALES 2015
183580841988156,VUI CHƠI VỚI CUPCAKE - FUN WITH CUPCAP PARTY
975449605847497,Lễ hội âm nhạc điện tử Trance Family Vietnam
499466390227177,LỄ KẾT NGHĨA 2015 KHOA ĐD - KTYH
609445715860145,Khóa học Thực hành Chuyên sâu Quay về Tiền kiếp
502407396600024,MUSIC TRIVIA // Blind test ( THANKSGIVING EDITION) @ deciBel
1623749834542763,Book vé nhóm sự kiện The Wave HCM DJ Snake
431581403704434,Lôi đài MIGATI kỳ 47
1245920382101712,Lễ Hội Mùa Đông - NVH Thanh Niên
1017645984963730,ÁO ẤM YÊU THƯƠNG
1043554092355578,LEADERSHIP EXCELLENCE JOURNEY - HÀNH TRÌNH LÃNH ĐẠO XUẤT SẮC
210616589269733,Kế hoạch phát quà đêm cho người cơ nhỡ.
830956830352088,Kỹ năng sống – Quản lý tiền
171967523146277,Vietnam Victory Challenge 2016
1487338478240415,MUGIC NIGHT feat. KENTARO, MISLAV & ULYSSES
1723028394595042,"HỘI THẢO DU HỌC ""CƠ HỘI NHẬN HỌC BỔNG TOÀN PHẦN TẠI ITALIA"""
1043281959036382,LỄ KẾT NGHĨA KHOA Y 2015 - Khoảng Trời Khát Vọng
919436231437882,"BÍ QUYẾT LUYỆN IELTS 8.0 - SĂN ""HỌC BỔNG KHỦNG & VIỆC LÀM NGHÌN USD"""
1489661418004369,CAV quarterly meeting (Les Clefs d'Or & CAV Associate members only)
721688537965587,Poi Juggling Workshop
1185663778130472,NĂNG LƯỢNG NGÀY MỚI - 500 SUẤT ĂN SÁNG 27.11.2015
592475197557492,BOOK EXCHANGE DAY NGÀY HỒI TRAO ĐỔI SÁCH
942354169169687,REACHES FT. L.O.N - LIVE ELECTRONIC MUSIC @ SAIGON RANGER
147543952268126,BIRDING EXPEDITION - 10TH YEAR ANNIVERSARY PART II
758846707577663,3 YEARS HEART BEAT W./ MØRBECK//Code Is Law & HOUSE+TECHNO EXTRAVAGANZA
638266769648820,KHỞI ĐẦU VÀ PHÁT TRIỂN MỘT DOANH NGHIỆP - ĐẠI HỌC BRIGHTON
595595830581398,XÓM CHỢ BÁN VUI - SELLING FUN MARKET
857622540975972,Triển lãm Quốc tế Xe hai bánh Việt Nam 2015 - VIETNAM CYCLE 2015
428507854007363,Học FREE chụp hình món ăn FOOD STYLIST
1648052285418189,iziIELTS - Tiêu chuẩn IELTS, phong cách IZI
939497092798943,Chương trình nấu đồ bún xào chay vì người nghèo dịp rằm tháng 10
1660504720886715,STARTING UP SAIGON
703513213082071,Ladies Styling Workshops with Marta - Salsateka UK
1653688341538912,Flower arrangement with glass flower holder  workshop
942145629156651,"Ngày hội ""Vì một cộng đồng sống khỏe"" lần 4"
962375430501761,LET'S PADDLE THE SUP BOARDS
921413567927314,CHƯƠNG TRÌNH TẦM SOÁT BỆNH LÝ TIM MẠCH MIỄN PHÍ
1482282252076913,HỘI CHỢ THƯƠNG MẠI MỪNG XUÂN QUẬN 5
871565706285002,MATTHEW DUVALL // Live music @ deciBel
1658552184361587,KINH DOANH THÀNH CÔNG
1638960129727035,Overseas Alumni Chapter @ Ho Chi Minh
1489867771318674,Lovely Winter - Mùa đông yêu thương ( Do charity for poor people )
1659631944249503,Supporters for Thanh Niên U21 Int'l Football Championship 2015 - Cổ động Giải Bóng đá U21 Quốc tế Báo Thanh Niên 2015
1640423019530882,"Khóa học ""Giải pháp đồng bộ cho Kế toán tiền lương", BHXH," TNCN và tối ưu chi phí nhân công khi tính thuế TNDN"""
1465104253792971,Đại hội đầu tư Việt - Nhật - 和橋会世界大会
909977732412511,Quản Lý Dự Án theo Tiêu Chuẩn Quốc Tế PMBOK®: HỌC ĐỂ LÀM
1513489878975889,TECH AFTERWORK - Nov. 18th
1477651862560133,The 2015 12th Annual Vietnam HAT
1728490300705380,Quản Lý Dự Án theo Tiêu Chuẩn Quốc Tế PMBOK®: HỌC ĐỂ LÀM
2147949678679083,POWER UP - ĐÊM HỘI NGHỆ THUẬT HÀNH ĐỘNG VÌ KHÍ HẬU
1930019240555872,Mot du an am nhac moi dang cho` don trong dip Tet 2016.
728667207277026,EDMVN Offline #2
738555442944145,Forbes Vietnam Conference - Follow the money | Theo dấu dòng tiền
811739372281195,"CHƯƠNG TRÌNH "" SAN SẺ YÊU THƯƠNG "" PHÁT CƠM BỆNH NHÂN NGHÈO LẦN THỨ 12"
534708873350828,KHAI TRƯƠNG NU COFFEE PHẠM VĂN ĐỒNG
503234193169664,EDM Escape Festival New Year
1108946245804839,Khai giảng khóa 44 lớp Kinh Doanh Trên Internet
194438797565243,Guest Artist Roisin Cunningham
1505314403101681,KHÓA HỌC GIÁM ĐỐC NHÂN SỰ CHUYÊN NGHIỆP - Trường Đào Tạo Doanh Nhân PTI- LIÊN HỆ : 0903.046.113 Ms Trịnh Tươi
697751497029151,Kỷ niệm 75 năm ngày thành lập Đội TNTP Hồ Chí Minh
1628495450764448,PPL NETWORKS ANNUAL GLOBAL MEETING 2016
1722593361302843,Học làm bánh: Tiramisu-Crepe
921247657930940,NHẢY FLASHMOB CRAZY CÓ ÁO FREE
515513515294126,Đại hội Đại biểu Hội sinh viên Việt Nam Trường Đại học Khoa học Tự nhiên lần thứ IX, nhiệm kì 2015 - 2018
189292908073143,TIỆC BUFFET CHAY GÂY QUỸ TỪ THIỆN “ SỐNG ĐỂ YÊU THƯƠNG ”
134970850201139,CHIA SẺ KINH NGHIỆM NUÔI TRẺ SƠ SINH
643591252450462,Khai giảng khóa học CFA Level 1 (Kỳ thi tháng 06/2016)
772348176227890,Nguyen Thi Mai Solo Lacquer Painting Exhibition
1677137379195108,NGÀY BẠN HỮU – MY SPECIAL FRIENDSHIP DAY
533649503465344,Khóa học NGHỆ THUẬT CHINH PHỤC ĐÁM ĐÔNG
1232287183454381,Phát cơm từ thiện Quận Bình Thạnh lần 1.
1398181920473000,"MIỄN PHÍ - Chuyên đề ""Bệnh đái tháo đường"""
175717846112495,Du Học Quản Trị Khách Sạn, Thực Tập Hưởng Lương A$20,000/năm tại Blue Mountains, Úc
551919804971896,Special Guest : SAM WHITLEY (USA-Cambodia)
910059795737600,Talk: TÌM LẠI TÌNH YÊU – Tiến sĩ Menis Yousry
986456478078557,MỪNG SINH NHẬT TINT EYE LENS LẦN THỨ 3 12/12/2015
1481083745533238,Chợ phiên cuối tuần GTV 3A Outlet Sale
1653992801547099,NỘP ĐƠN NHẬP HỌC KHÓA THÁNG 2/2016 TẠI ĐẠI HỌC MELBOURNE, ĐẠI HỌC HẠNG 1 AUSTRALIA
1642763619333249,Asia Ventures Summit - 第7回 和僑世界大会inホーチミン
1527444727569728,Siêu khuyến mãi
1447016085626611,Mekong 2016
1621361011463261,Beautiful In White
156832861335620,CHANH BISTRO ROOFTOP - THURSDAY SALSA
470419469805037,TƯ VẤN DU HỌC ONLINE
778607978933665,ASEAN SME Success Seminar Series
684094101690679,Dj Thai Hoang- One Night in Saigon
564214203736354,MZUNGU // 1DAN
463742797039474,Tìm Kiếm Anh Em Khát Khao Hầu Việc Chúa Qua Âm Nhạc
1521483178178527,DIY - LÀM VÍ DA - Handmade Leather Wallet
965011166870264,Metal Weld Vietnam 2015
1648912038721600,CISS Music Recital 2015
1516028465387070,CHĂN ẤM ĐÊM ĐÔNG
518441461667242,200h Yoga Teacher Training
928894690519883,Quản Lý Dự Án theo Tiêu Chuẩn Quốc Tế PMBOK®: HỌC ĐỂ LÀM
429444030594966,HỘI THẢO TRƯỜNG ANH NGỮ ILSC
1490608407901635,Gear Up Vietnam
433643840174870,Jonathan Mendelsohn @ HEINEKEN GREEN ROOM in Ho Chi Minh City, Vietnam
1633955313522594,Lễ Kết Nghĩa - Đồng Tâm - Khoa Y học cổ truyền 2015
134204513609045,Hội Thảo HotForex - Nhận Giải Thưởng $1,750
441629796036509,GIAO LƯU VÀ BIỂU DIỄN GUQIN CÙNG VỚI MR. THOMPSON
906639566051815,TRẠI HUẤN LUYỆN ĐẶC BIỆT (MIỄN PHÍ)
1495643027398937,"Vũ kịch ""Kẹp Hạt Dẻ"""
558200800993681,Glass Tasting @ Mondovino Wine Club
496036427268213,Mở lối vào ngành công nghiệp 3D Game + 3D Animation & VFX
438894969641721,Baron Edmond de Rothschild wine dinner
1518755158444609,Khóa học QUẢN LÝ VÀ GIÁM SÁT BÁN HÀNG
482838738558603,Melting Pot 7: Art & Music Festival
1650760668536515,French Volunteer Day Vietnam
955677217858409,Sale Off iRing dành cho thành viên  CLB  Uberman lần thứ 5
716738678430703,SUPER SALES - BÁN HÀNG NÂNG CAO
1697241207153927,DreamTrips - Thanh Pho Ho Chi Minh, Ho Chi Minh, Vietnam
419239658279508,[11] THÔNG BÁO HOẠT ĐỘNG TÌNH NGUYỆN - DỌN VỆ SINH CÔNG VIÊN Ở TP HỒ CHÍ MINH
963606073713590,LỄ HỘI ZUMBA TỪ THIỆN / ZUMBA FOR CHARITY
545198285638570,Made In House Presents - Axwell /\ Ingrosso Sun Is Shining Tour
939638432739841,TRẠI HUẤN LUYỆN ĐẶC BIỆT (Khóa 2)
796693227022765,PokeBank Release Party!
1525581344429548,"Hội thảo du học ""HỌC BỔNG VÀ HỖ TRỢ TÀI CHÍNH 2016 CỦA ĐH CURTIN"""
1630899993845932,Học tập - Làm việc tại Nhật Bản 2016
1671816919707903,Từ thiện biển hồ campuchia
705312679603964,Bitfilm Festival Saigon 2015
741573269308723,Saigon Charity Bazaar
617788491694733,OUTCAST'S FARMERS MARKET - CHRISTMAS EDITION
103101450054306,DRAGON CITY FESTIVAL 2015
546487338833694,University of Sunderland Vietnam - Graduation Ceremony 2015
523399524503134,CHƯƠNG TRÌNH ĐÀO TẠO GIÁM ĐỐC SẢN XUẤT CHUYÊN NGHIỆP - CPO. LIÊN HỆ ĐĂNG KÍ : 0903.046113 Ms Trịnh Tươi
468976873302611,Triển lãm Quốc tế Trang sức và Đồng hồ tại Việt Nam
1532926813694297,ALEX FROM TOKYO (Tokyo Black Star, World Famous, Innervisions - NYC) - supported by HIBIYA LINE (The Obs)
922971211103579,Fiesta de Pijamas
191603491180441,Ngày Đồng Hành V
468807196637000,CHƯƠNG TRÌNH ĐÀO TẠO TÀI CHÍNH DÀNH CHO SẾP - VŨ CÔNG TY
931755086907392,Healthy Chocolates Making & Tasting – Xmas Edition
1624545187788362,ÁO ẤM TÌNH THƯƠNG CHARITY - by DALATCLUB
141278542901395,DreamTrips - Thanh Pho Ho Chi Minh, Ho Chi Minh, Vietnam
1524682541185172,CHIBOOKS XẢ HÀNG CUỐI NĂM 2015
957690017644113,KHÓA HỌC NLP- LIVE WITH POWER_Khơi nguồn sức mạnh nội lực bên trong bạn
986720544699750,THE 6ND INTERNATIONAL EXHIBITION FAIR INDUSTRY VIET NAM – CAMBODIA DEVELOPMENT
505814529591768,OPENING EXHIBITION: SE4 by Tom Smith
1523381281314094,"Let's TALK & SHARE ""Sẵn sàng thành công cùng HOSPITALITY"""
446234268895916,♫ HT Canada ĐH Wilfrid Laurier với 7 loại học bổng giá trị
487623601362936,Friday FiX Presents... ABSTRACT
1006126902778254,Jonathan Mendelsohn @ HEINEKEN GREEN ROOM in Ho Chi Minh City, Vietnam
104739873227552,M2 - Marketing & Media Network December
600827433383056,Cuộc Thi ATTT 2015
1709634665938326,Blues Night - Nola & Friends - Live @ Saigon Ranger
1638389173109087,Small talk: Nghệ thuật thương thuyết quốc tế dành cho doanh nhân
1516210642033578,19/11 NWG Evening at The Social Club, Hotel des Arts Saigon, MGallery
850447408407557,HỌC BỔNG 100% TỪ TRƯỜNG SP JAIN. MỘT chương trình BA điểm đến tại Châu Á - Thái Bình Dương (SINGAPORE, DUBAI, SYDNEY).
850998744998117,DreamTrips- Thanh Pho Ho Chi Minh, Ho Chi Minh, Vietnam
1523121838001924,ROMI B (Studio 101 - HongKong)
1676521435919011,Z2H: Free Comedy Workshop!
1638603683071537,Swing 2 with Stephane de Paris & Haley from Atlanta
919883004725577,Premiere HÙNG ALI Movie
427718597425292,Super Party for the Children of Thien Binh Orphanage!
147933212231456,Học bổng du học Pháp cho các chương trình bằng tiếng Anh và tiếng Pháp
944906258916704,NGÀY HỘI MUA SẮM HÀNG THÁI LAN TẠI TP.HCM LẦN THỨ 1
692497527518304,Latino Night!
1676329352608101,HÀNH TRÌNH KHÁM PHÁ BÍ MẬT SỨC KHỎE THÁNG 11/2015
1185739131454038,Escape - The Next Celabration
1514772282153569,U.S. Education and Career Orientation
1637955923126632,Christmas at Church
875491222558206,Hội chợ Thái Lan 9-13 tháng 12 năm 2015
1097491116941832,"Khai giảng khóa học ""Dịch vụ khách hàng tối ưu và quản lý chất lượng dịch vụ"""
1636419359964472,Buổi giảng pháp của  Đại Đức THÍCH QUẢNG LỰC
1059847834033875,Khóa học: KHÁM PHÁ TÂM LINH
471985069655963,BIGGEST NEW YEAR COUNT DOWN PARTY!!!
780757758717315,LIGHT COSMETICS - HỌP BÁO GIỚI THIỆU SẢN PHẨM
1691219434441644,Ấm Lòng Cơm Chay Từ Thiện Phóng Sanh Cúng Thí Thực lần (45)❤
1530136120643016,Cổ động viên Việt Nam tình nguyện cải thiện mỹ quan tạo dấu ấn cho địa điểm
1696580997242512,"ĐÊM CHUNG KẾT CUỘC THI ""INVESTMENT ANALYSIS EXPERT"""
1667371076875337,HỘI NGHỊ MÔ PHỎNG  - MINI COP21
317331685104220,Jessica's Last Dodgeball in Vietnam
913202995427226,Khai Giảng Lớp 08 Đào Tạo Kỹ Sư Thiết Kế Đường Ống
182047475468283,TESTING MONSTER HUNTER X CROSS !!!
1124651970893393,Hội thảo Power BI và Big data bởi nhóm DX Microsoft
1014810091916125,Quản Lý Dự Án theo Tiêu Chuẩn Quốc Tế PMBOK®: HỌC ĐỂ LÀM
1509742802677307,"Khai giảng khóa học ""PHƯƠNG PHÁP QUẢN LÝ TỒN KHO NHẰM TĂNG NĂNG SUẤT NHÀ MÁY"""
1659305187682471,KINH DOANH TRÊN INTERNET - KHÓA 44
1679693232317526,LEADERSHIP EXCELLENCE JOURNEY - HÀNH TRÌNH LÃNH ĐẠO XUẤT SẮC
1528758890748931,"Khu vườn của bé: "" Rau - Củ - Quả """
1269087456450623,Bán bánh tại hội thảo Internet Mar ngày 2/12
180347198968408,VIRGIN JOKES @ deciBel
1483723631934208,BUDWEISER FESTIVAL Dec 13th
147339502294639,hcmc.rb Meetup & Hack Night T12.2015
1082882321746321,HCMC Run Training Session 2 - Merry Christmas
972594312815030,HCMc - X'mas Positive Mass 25-12-2015
1674832046134163,HCMC RUN 2016
1743389909222551,HCMC Run 2016 - Conquer the bridge
421558574702851,HCMC Run 2016
872584319521356,HCMC RUN TRAINING SESSION 3 - RUN WITH FAMILY
155761141447291,HCMC Run Traning Session 1 - Happy Birthday RUNCLUB
1661717920733995,"[SRC - HCMC RUN 2016]  "" I CONQUER -TÔI CHINH PHỤC """
1091189084277516,HCMC Run Training Session - Giao Lưu - Kết Nối
500645466776037,HCMC TOUR - THE FIRST MOMENT
473240859528720,LA BÀN SINH VIÊN HCMC 2015
903804406381619,SPAM CHAM, HCMC
1651598748426608,7s7 - Japan grind band  live in HCMc
1667781873469378,GO CONNECT - 24.12.2015
1223439964336368,Motorbike Tour HCMC Central Highlands Ho Chi Minh Trail Nha Trang
941476189278607,GO CONNECT - 25.12.2015
959350574147498,Dialogue with EVN - HCMC
1039135909440883,LUYỆN PHÁT ÂM GIỌNG MỸ VÀ GHI NHỚ TỪ VỰNG XUẤT SẮC BẰNG PHƯƠNG PHÁP DO THÁI CÙNG SMARTCOM
1690808671141431,Gala Chung kết - Hult Prize at HCMC
456241614582443,Indian yoga association HCMC,Vietnam
139574816407744,SRC - Chạy Kênh Nhiêu Lộc Cổ vũ anh em race Standard Chater Bank Singapore Marathon và hướng đến giải HCMC 2016
625355450940673,Alumni gathering in Ho Chi Minh City
1496161587369871,"Khai giảng khóa học ""NHÀ QUẢN TRỊ SẢN XUẤT CHUYÊN NGHIỆP"""
184893308521677,"Khai giảng khóa học ""PHƯƠNG PHÁP KIỂM SOÁT CHẤT LƯỢNG BẰNG KỸ THUẬT THỐNG KÊ"""
415748961968629,SAVE the DATE - San Francisco - Ho Chi Minh City - Sister City Meetup
894778917258509,RMIT Vietnam - UCLA Postgraduate Networking Night
930283577007271,GẶP GỠ HÀ NỘI
1045886645474243,DAY6VFU 1st MINI OFFLINE In Hồ Chí Minh City
1072118802800210,JavaScript – No Longer A “Toy” Language
1227153290633151,How the Singaporean uses & views the future of Social Media
1656457407942144,HAPPY WEDDING P&M - SAVE THE DAY 03.01.2016
1718069295089021,Giao lưu doanh nhân nữ VCCI cuối năm 2015
430376670491291,DJ Vadim @ observatory in Ho Chi Minh City, Vietnam
192114844467721,Fleshcrawl @ Saigon Ranger in Ho Chi Minh City, Vietnam
223484121317286,Hội thảo Walmart 2016: Phát triển các Doanh nghiệp cung ứng do Phụ nữ sở hữu
437179909824730,SAIGON WORKSHOP: NGHỆ THUẬT VẼ MINH HỌA THỜI TRANG
204420499893854,SAIGON BLUES ROCK NIGHT @ RANGER
1683796151836864,Saigon Cypher #2
1633376403589411,Saigon Street Food & Craft Beer Pairing
144355952595036,SAIGON'S LOOKOUT HOLIDAY TOY DRIVE
138487626518095,Saigon by night - Gipsy Jazz  @ Le Palm
796448800481052,Saigon Animal grand opening
720909388040355,Comedy Saigon - Open Mic #2
830403930392299,Saigon Belly Dance
532495410244126,Saigon Belly Dance
548468625305244,SAIGON TRAFFIC /// DECEMBER EDITION
546305222195013,**Industry Christmas Party** @ Whisky Saigon
1249789368369002,V Education Xmas Party in Saigon
1742492742638316,Miss Saigon
1677617605820077,SAIGON SOUL OFFICIAL AFTER PARTY AT THE EMERGENCY ROOM
1174871132540937,SAIGON SOUL OFFICIAL AFTER PARTY AT THE EMERGENCY ROOM
640513129385436,[NSU] Saigon Express and John's Ice Cream Social!
1515963675396430,Open Mic Saigon
423847947820581,GRAND-OPENING SAIGON WAO SHOPPING ZONE
447084338815697,"Dạ tiệc ""GIÁNG SINH AN LÀNH"""
914348091985785,Sunday Side Up
450589775138851,CHRISTMAS EVE DINNER
764031987075779,White Cowbell Oklahoma | The Noise | Saigon Hookers
1643242252615177,Home Game #6: Saigon Heat - Singapore Slingers
1655220021408435,FleshCrawl Old School Death Metal from Germany at Saigon
450585921795839,DIY SAIGON WRAPPING GIFTS WORKSHOP
179640052382829,Saigon Star (the nails and beauty spa) 7 Years Anniversary Party
184345531914365,ONE DAY WITH HUMANS OF SAIGON
785327294945736,DAT PHONK & DATODEO - LIVE @ SAIGON RANGER
419755544887233,Stand Up Saigon at My Casa!
1668720313411815,1st Fintech Meetup Saigon (Fintech Study, Drinks and Chat)
915627801824020,16/12 NWG Evening at Shrine Bar Saigon
1496454080660492,BILLY PAGE - LIVE MUSIC @ SAIGON RANGER
1674553216159703,Chào mừng ngày thành lập CLB Hành Trình Đỏ Tp.HCM 26/12/2015
1682073778696569,"TP.HCM - KHÓA ""VMWARE DATA CENTER VIRTUALIZAITON FUNDAMENTALS"" MIỄN PHÍ ĐỢT 04"
1060641077303281,Chuỗi Sự Kiện HOT NHẤT HIỆN NAY TẠI TP.HCM
928142680612012,TPHCM - KHÓA HỌC ẢO HÓA VMWARE MIỄN PHÍ THỨ 5 (12/12/2015)
895509683898500,TPHCM - LỚP HỌC ẢO HÓA VMWARE MIỄN PHÍ ĐỢT 06 (13/12/2015)
117433408625473,Changmakeup Beauty Workshop tại HN và TP.HCM
494009320781030,CHƯƠNG TRÌNH THIỆN NGUYỆN THÁNG 12/2015 “ỐC ĐẢO VE CHAI” QUẬN 8 – TP.HCM
843988242384897,Jingle Bell Party
1663878943864844,HỘI SÁCH TP.HCM LẦN IX (2016)
1523028984690196,Tuyển thành viên dự thi VUG (Trường ĐH Luật TPHCM)
960633580692082,BIM for Owner / BIM cho Chủ đầu tư (tại TP.HCM)
448685442003214,2 Hand Fair 2015
473921132793721,Miễn Phí Khóa Học: TIẾNG ANH MẦM NON
693799717426483,Cơn mưa quà tặng cuối năm
760577687409496,"Trải nghiệm lớp ""Business English For Busy People"" cùng Thầy Michael Lary"
956535171104313,LIVE WITH POWER - SỨC MẠNH KỲ DIỆU TỪ SỰ CHỮA LÀNH
1087303231320041,OFFLINE BEGUM VER. SUPER 8 LẦN II TẠI TP.HCM
1110649215611855,[BNC]GIẢI PHÁP XÂY DỰNG HỆ THỐNG KINH DOANH ONLINE TOÀN DIỆN
1232538906760621,Lễ trao giải thưởng Công nghệ thông tin - Truyền thông TP.HCM lần VII
1501664053472199,Cùng Otaku Shop nhận vé free tham gia Artists Day
1569005533390962,CHRISTMAS
1621707598090699,Khóa học chứng khoán tại TP.HCM - khóa 10
147940468906440,VE CHAI TỪ THIỆN CEF
1660721680853296,Ngày Hội Không Lời
1664829427126625,VPBank Countdown
1667789993510407,CIO 5 NĂM- MỘT HÀNH TRÌNH
1702841589936067,[Talkshow] Cơ hội cho sinh viên Việt Nam tại thị trường Công nghệ thông tin Nhật Bản
1714725428743114,CHƯƠNG TRÌNH XUÂN YÊU THƯƠNG 2016 - KV TP.HCM
1717560278459631,Offline cộng đồng ESSENCE - KẾT NỐI YÊU THƯƠNG
889248091182670,✨Mừng Khai Trương CN TPHCM✨
798647073579892,Lớp học KỸ NĂNG MỀM MIỄN PHÍ, cho 30 bạn SV TPHCM
1485332065108105,HIẾN MÁU NHÂN ĐẠO - HƯỚNG VỀ EA-SÚP
618686954938134,Ngày Hội Campus Tumbler Day ĐH Ngân Hàng TP.HCM
997038963702123,PARTY LIÊN HOAN ẨM THỰC HỘI AN
153138848383645,Ngày hội tôn vinh sự đa đạng [ICS] - LGBT Long An tham dự
154529561578052,Nhượng quyền để bước ra thế giới
155973994760958,Đêm Gala Chung kết & Lễ trao giải HUTECH's Got Talent 2015
209280659408896,Teps - Designed Baby Fashion giới thiệu sản phẩm mới
486327008159121,BÍ MẬT THIỀN ÚNG DỤNG
544963492321616,"Ngày hội ""Thanh niên với Khoa học và Công nghệ"""
545128132305134,Ngày hội STEM lần đầu tiên tại TP.HCM
555052434671073,Khai trương Texas Chicken Vincom Mega Mall Thảo Điền
889729397809298,PES League Vietnam Tháng 12/2015
896901157045184,[ALL SALE -10% – KHAI TRƯƠNG YAME TÂN PHÚ ]
955871141135041,CHUYÊN ĐỀ BMS (Building Mangement system)
1023733117691608,Hành trình ASUS Campus Tour “ASUS Together We Transform” Tại Đại Học Bách Khoa TPHCM
1687426781500040,Ngày hội STEM lần đầu tiên tại TP.HCM
1721170348105220,ĐÊM NHẠC GIÁNG SINH 2015
1759014187662275,GIẢI CỜ VUA SINH VIÊN UEF LẦN 2
1680793258801062,Vấn đề của bạn ở đâu ..? TIÊU DÙNG XANH SẼ GIÚP BẠN
922379081176952,Ct Ơn Giời Cậu Đây Rồi
614189782062544,Miễn Phí Bảo Dưỡng + Vệ Sinh Laptop (Phi Lợi Nhuận)
927707323949606,Thêm Chút Hơi Ấm Lần 21
870528376387752,TUYỂN HỘI VIÊN ĐỢT II NĂM 2015
1432820147044738,Săn Vé Máy Bay đi Sài Gòn giá TỐT
857885180996858,Chợ Phiên Cơm Có Thịt Sài Gòn T12 Lần 2 - Thứ 7, Ngày 26/12/2015
985906148134228,Lễ hội Noel tại Sài Gòn
486483418189588,HHT Garage Sale Sài Gòn
906875692730341,"Sai Gon Shoot Out session - "" Same same- but - different"""
1026763407343980,Trang Hạ giao lưu độc giả nữ Sài Gòn: 20-30-40
199944630349109,TUẦN LỄ TRÀ SỮA NGON BỔ ĐẦU TIÊN SÀI GÒN
1044978992208630,Chương trinh Buffet Bia Sài Gòn – Mừng Lễ Giáng Sinh 2015
910717802315302,Tour Lào Giá Rẻ - Khởi Hành Sài Gòn - Đà Nẵng Tết Tây 30,31/12/2015 - 01,02,03/01/2016
1682050345416922,Hue to Sai Gon Motor Bike Tour
1639597519661292,Hoạt động thiện nguyện phát quà đêm cho người vô gia cư ở Sài Gòn đêm 19/12/2015
1261336787216554,Nhằm kỉ niệm ngày thành lập CLB KTS QN tại Sài Gòn 20.12.2012 - 20.12.2015
1058348857539316,MUA NHÀ XÂY SẴN NGAY CỬA NGÕ SÀI GÒN TỪ 700 TRIỆU - SỠ HỮU VESPA SÀNH ĐIỆU
1695985127314224,camera giá rẻ nhất sài gòn
457712044376117,Sự Thật Về Cơ Quan Truyền Thông Facebook Tại Việt Nam.
1530342330623823,WINTER SONATA - GIÁNG SINH BẮC ÂU GIỮA SÀI GÒN
1537926216498911,Cuộc Thi Bé Chibi Ngộ Nghĩnh
1722683394619961,Cùng Gold View nhận vé mời - Triển Lãm Ảnh Sài Gòn - Xưa Và Nay
1749240301970547,Pioneers Ho Chi Minh City
848265861939083,SEO-V Summer Career Program 2016 - Ho Chi Minh City 2nd Info Session Event
974855029237820,The Making of a Master Chef, a Conversation with Christine Ha (RSVP)
510525355778078,[HTYT - Thư Viện] Quyên Góp Sách, Tranh, Truyện Thư Viện
1512043439095614,Documentary Film Screening and Discussion: Last Days in Vietnam (RSVP)
936821719726834,Film Screening & Discussion: Nước 2030 (RSVP)
1698245300413118,Những điều cần biết về sức khỏe Phụ nữ và bạo hành gia đình
1529699710677553,LỄ GIỚI THIỆU VÀ MỞ BÁN KHU ĐÔ THỊ PHỐ BIỂN MARINE CITY
519370331561594,Making your dreams come true: getting ready for your journey to study in America
496094140569876,Taking Action to Eliminate Violence Against Women (RSVP required)
1501472940153846,[SRC - WED NIGHT RUN] - SHARE YOUR RUNS. 9/12
1516686081962895,The Quiet American: Vietnam Through Graham Greene’s Eyes
1665887150360777,HCMC 21KM AND 10KM ROUTE RUN
1030105550402903,hcmc.rb Meetup T1/2016
1654217478177368,“HCMC MARKET REPORT Q4/2015”
1051487808237376,Long Time HCMC Expat Gabriel Villalobos Needs Our Help
818783984910111,HCMC Annual Bull and Oyster Roast
985383184841414,SRC - TRAINING FOR HCMC RUN & YANGON MARATHON.
1220774724605849,Christmas Party 2015 at Beirut Hcmc
459567887581038,CoderSchool's iOS Swift Demo Day
1662880253976377,Chương trình truyền giảng 22/12/2015
221559798175667,Nomad List — Ho Chi Minh City Digital Nomads Meetup
707827249353214,SPELLING BEE 2016
1027223423986107,Thế giới cổ tích -
1690518387894001,TRIỂN LÃM “HỘI NGỘ”
785552064907452,Ra mắt Thành Kỳ Ý - TpHCM
935134279854969,"TP.HCM: Giao lưu tác giả ""Mẹ Việt dạy con bước cùng toàn cầu"" ngày 09/01/2016"
943860345702806,[TPHCM] OFFLINE SINH NHẬT HANGENG
439707019560494,[TLX TP.HCM] Đăng ký tham gia chương trình “Ấm áp tình xuân” 2016
1698682857034042,OFFINE CLAN Ở TP.HCM
439448246258375,Changmakeup Meet & Greet tại TP.HCM
1524949717803819,FC Khởi My Tp.HCM
548845965283110,Hội Nghị Thường Niên Hội Hô Hấp TP.HCM 2016
118754015165491,Festival 16&18/1/2016 Hà Nội & TPHCM
164812483877115,[BAEKLINER'S 1ST BIG OFFLINE] [HÀ NỘI + TPHCM] B YOU, B OUR LIGHT
857007461110408,HỘI CHỢ ĐA SẮC ASEAN
814986988613590,Đi Để Lớn- Chủ đề: Hướng nghiệp
1532512227062425,Họp mặt offline 2016
544826132351403,Ngày hội gia đình Bảo Việt TPHCM
209715836037756,TỔNG TUYỂN DỤNG LỚN NHẤT NGÀNH MÔI GIỚI BẤT ĐỘNG SẢN.
473052159548254,Cà phê” với TS NGUYỄN XUÂN XANH Chủ đề: “THUYẾT TƯƠNG ĐỐI EINSTEIN BÍ MẬT CỦA KHÔNG GIAN, THỜI GIAN và VẬT CHẤT”
572436029599833,Cafe & Learn số 14: Giải quyết mọi VẤN ĐỀ CỦA BẠN bằng SPS
755640791208364,Buổi Giao Lưu, Chia Sẻ Bí Mật Kinh Doanh Online Và Làm Giàu Từ Amazon & EBAY
773761096069289,TP HCM ✿ THÁNG SÁCH XUÂN 2016
787804598030773,Thiện Nguyện: Trao Yêu Thương Đong Đầy Hạnh Phúc
827258410717038,"Triển lãm ""Mùa Xuân"" - NSND Trà Giang"
861783947252338,Thêm Chút Hơi Ấm Hơi Ấm Lần 22
999090986825349,LỄ RA QUÂN CHIẾN DỊCH XUÂN TÌNH NGUYỆN ĐH Y DƯỢC TP.HCM NĂM 2016
1008849069200772,CLB SÁCH S.I.P - TÌNH YÊU CUỘC SỐNG
1028071710583056,DU HỌC ÚC 2016: THÔNG TIN HỌC BỔNG VÀ CHÍNH SÁCH VISA MỚI
1096945323683235,TÔI LÀ AI?
1529286920702214,PHƯƠNG PHÁP 7 TRÍ KHÔN
1539359739709325,Buổi gặp mặt & chia sẻ của những người trẻ muốn RÈN LUYỆN & DẤN THÂN
1543945392592441,TPP - Cơ hội và thách thức của người lao động Việt Nam trong ngành Sales & Marketing
1674310842847248,Talkshow Ứng dụng CIMA vào công việc," chuyên đề ""Quản trị rủi ro trong doanh nghiệp"" và chương trình CIMA CFO 2016"
1680774318814157,Ẩm Thực Đường Phố 2015
1682185825330557,Lương Bích Hữu - Fan Meeting Tất Niên
1699891460256888,Khai Trương CAFE ĐỘC THÂN-10/01/2016
1705010053078150,Gala Dinner 2015 | CLB Thanh niên Nam Định
1732508683645975,NGÀY HỘI THÔNG TIN CFVG 2016
1737571263138203,"Tập huấn phi lợi nhuận ""KIỂM SOÁT RỦI RO MÙA QUYẾT TOÁN 2015"""
1947408962150265,VIP PARTY - VIP Club
518642854969535,Tham gia chuyên đề Bồ Câu Kiểng  do Hội BCKSG tổ chức - Đài Truyền Hình TP.HCM thực hiện
664140057022043,DU PROM NIGHT
543706142456386,TP HCM - Chợ Sale cuối năm
1701079743462404,Ho Chi Minh program/Chương trình TP HCM
214056458929400,[HCM] TRIỂN LÃM GIAN HÀNG K-BOX CỦA iKON
1524439681182034,Vivitek ra mắt dòng máy chiếu Hometheater chuyên dụng tại Tp HCM
1244892348870061,Khai giảng khóa CEO - GIÁM ĐỐC ĐIỀU HÀNH CHUYÊN NGHIỆP TẠI TP. HCM
823126281146675,Tour Lào Tết Ta - Khởi Hành Tp. HCM và Đà Nẵng Mùng 03 - Mùng 7 Tết
169889053371178,女子新年会inホーチミン！
171523879874821,Chương trình hòa tấu, ca diễn đờn ca tài tử Nam bộ
433016840228376,HỌP FANS PHIM CÔ DÂU 8 TUỔI NGÀY 9/1/2016 tp.hcm
929459987143933,Intro Day
202471406756076,Hội thảo về sản phẩm camera Hikvision tại TPHCM
1489701574671033,"WORKSHOP: ""HOW TO BECOME THE FIRST VIETNAMESE EXECUTIVE CREATIVE"" DIRECTOR IN AN INTERNATIONAL AGENCY"""
1667122360237456,Lễ Trao Giải Thưởng CNTT-TT TPHCM
780500935387677,Trở thành nhà Quản lý Truyền thông chuyên nghiệp
152268491801813,Ngày hội gây quỹ HAPPY DAY
859470190839774,"Chương trình "" Đêm Yêu Thương """
745853118854257,COUNTDOWN PARTY IN CANALIS CLUB
914508675297255,*** TRÍ TUỆ KIM CƯƠNG *** - khóa 6
942539902504671,Spring Days 2016
1835642296662582,Offline lần 4 : họp mặt tất niên anh em gạch
964555446914589,Tây Nguyên Phim Thông Báo Chiêu Sinh Lớp Kỹ Năng Giao Tiếp - Tự Tin Trước Đám Đông
1646523245599580,HỘI THẢO KHOA HỌC - NGHIÊN CỨU ĐÔNG TRÙNG HẠ THẢO - BƯỚC TIẾN KHOA HỌC TẠI VIỆT NAM
157804084581598,Chung Kết Bản Lĩnh Sinh Viên Địa ChấtTuyên Dương SV5T Khoa Địa Chât́́
1583373458578023,HUTECH's Christmas Event
1227814083901530,BỮA CƠM YÊU THƯƠNG
1697478973864370,Merry Christmas
1709042505995985,STUDIO CRITIQUE CÙNG PIPO NGUYỄN-DUY
120129241698697,"Chương trình gây quỹ đội hình ""TẾT BẠN BÈ"""
891192554311026,CHIẾU PHIM MIỄN PHÍ
156146788077312,KÊU GỌI THAM GIA HIẾN MÁU NHÂN ĐẠO 2015
447367095459561,Tech in Asia Tour 2016: Ho Chi Minh City (Road to Singapore)
186701215013733,CHANGMAKEUP & DOLL EYES CAREER WORKSHOP TẠI HỒ CHÍ MINH
110684542645007,La Fiancée du Facteur // New Collection 2016 Presentation
225372361127109,Season's Making
125781444463387,TẾT SẺ CHIA YÊU THƯƠNG
1688969488049246,Từ Thiện Đợt 11 - Quà Tết cho các cụ già neo đơn & các bé mồ côi
747541932043379,Talk Show: Studying in the U.S. – A life-Changing Experience
986716171401330,[Project SUGAR] GRAND RECRUITMENT 2016
1727056174173313,OFFLINE VIETSUB LIKE LOVE 2 (FULL HD, NO CUT)
467366620117956,TRẢI NGHIỆM TRỊ LIỆU ĐẲNG CẤP TỪ SẢN PHẨM TRẦM HƯƠNG MIỄN PHÍ
542655889216391,"Mini Show ""ĐÊM NHẠC CHĂM"" 3 - Chủ đề: CHUYỆN TÌNH YÊU"
1664259730512219,DU LỊCH THÁI LAN - RẺ NHẤT NĂM
1504950149800470,Simply Speaking: Tips to Become a Master in Public Speaking
1548679998757269,CÁC MÔ THỨC THÀNH CÔNG VÀ KIẾM TIỀN TỪ INTERNET
337661189737455,Đấu Giá Đồ Cũ Gây Quỹ HTYT
435388746671364,FACEBOOK MARKETING DU KÍCH  Bí mật xây dựng hệ thống bán hàng TỰ ĐỘNG trên Facebook với chi phí BẰNG 0
1674126536198281,Frogsleap Annual Recruitment Drive 2016
1529434890709713,ĐIỀU DIỆU KỲ TRONG ĐÊM NOEL - Lần 4 -2015
413117178891737,Cuộc thi 30 NGÀY THỬ THÁCH - I GOT THIS
1538104176507936,[18] THÔNG BÁO HOẠT ĐỘNG TÌNH NGUYỆN - DỌN VỆ SINH CÔNG VIÊN Ở TP HỒ CHÍ MINH
100921613621458,[17] THÔNG BÁO HOẠT ĐỘNG TÌNH NGUYỆN - DỌN VỆ SINH CÔNG VIÊN Ở TP HỒ CHÍ MINH
911436185576858,[TP. Hồ Chí Minh] FPT Shop Phỏng Vấn Trực Tiếp các cửa hàng sắp khai trương tại Quận 8, Quận Bình Thạnh, Quận Tân Phú
893323790775793,[16] THÔNG BÁO HOẠT ĐỘNG TÌNH NGUYỆN - DỌN VỆ SINH CÔNG VIÊN Ở TP HỒ CHÍ MINH
1395704650754297,CHƯƠNG TRÌNH NẤU VÀ PHÁT CƠM CHO NHỮNG NGƯỜI LAO ĐỘNG NGHÈO TẠI TP.HỒ CHÍ MINH
1703888203181691,MỪNG SINH NHẬT LẦN THỨ 23 CỦA KYUNGSOO VÀ 24 CỦA CHANYEOL TẠI TP HỒ CHÍ MINH
480885842112330,Hội chợ ẨM THỰC ĐƯỜNG PHỐ 2016
1128156193861588,INNOVATION MADE IN VIETNAM
1698422000441589,Thực sự bạn đã hiểu kinh doanh?(3) in HCM!!!?
148569132181202,[Offline BoardgameVN HCM 7/1]
1691744837708252,[Offline BoardgameVN HCM 3/1 – Liên Minh Bàn Tròn]
445581612308292,SAIGON OUTCAST 3rd Anniversary
222714931397401,Saigon by night - Gipsy Jazz  @ Le Palm
488933281299385,Saigon Loves Jungle - Saigon Jungle Allstars
1099176323439718,After Work Saigon - free first cocktail & free finger food
1658517037698650,SUNSET VIBES @ SAIGON OUTCAST
971820319543723,SAIGON URBAN FLEA MARKET
556495264518134,Tuesday Morning - Saigon Zoo / Canal run
469756866560196,[NORIHEM]HemHemSaigon & DJ NORI-NORI - at Saigon Ranger
567489546735148,Home Game #9: Saigon Heat - HiTech Bangkok City (29.01)
1561720700733742,Mundo Lingo (Saigon #10)
921632804553329,SAIGON ROCKERS presents MAD FYAH at CUBE
750911075040882,Zunkbomb - Live Funk, Soul, Rock & Roll @ Saigon Ranger
735801383218590,Home Game #8: Saigon Heat -  Pilipinas MX3 Kings (17.01)
860806770703437,MR.Small - Free Style Rock - Live @ Saigon Ranger
1084720204891633,THE Z FLOOR - Tuesday Salsa in Saigon
209118116099256,Ladies Touch Saigon - AUDITION
933859846663071,THE BUTTERFLY - SAIGON SMILE SPA
588417714645764,iLL BEATS SAIGON presents DJ VADIM (Ninja Tunes | BBE)
1684838695094678,Repair Cafe @Fablab Saigon
178287842529256,SRF#3 After Party at Saigon Outcast
1940939852798439,Saigon - New Year Countdown Party 2016 - Glitter Monkey
215903168743415,Women of Saigon
666899176784565,F.Club SaiGon |  Countdown Party 31.12.2015
1299653646727853,Mundo Lingo (Saigon #11)
591326234348155,AFRICAN DANCE WORKSHOP @Saigon Outcast
1495820234059247,ELEMENTS - Hip Hop, Funk, Soul @ Saigon Outcast
945085572244467,Mundo Lingo (Saigon #8)
1512855392344396,SPANISH CLASSES -  3 WEEKS INTENSIVE
165526547143502,Thursday Outdoor Cinema: Die Hard (in honour of Alan Rickman)
993878880659048,f.Club Saigon I White Party
1640952162821738,Mundo Lingo (Saigon #7)
1513188305642002,Jameson Acoustic Jam
1109354112437923,Moto Saigon Pub's New Year Pre Party
1097083016968752,Mundo Lingo (Saigon #9)
1512527992410725,GIN Saigon 2016
456301644558508,SineKwaNon & Auto Save band - Live Music @ Saigon Ranger
1683744185171025,TEN DOLLA BILL - Rock & Roll night @ Saigon Ranger
1251863648174193,HCMC Run - Training session 4
199286847088811,[Time Trial] LAST TRAINING FOR HCMC RUN
524109474429200,Australia Day Sundowners, HCMC
1699183630405907,What is an Impact Hub? and how to start one in HCMC?
1014786148581840,BMW Motorrad Sài Gòn - Family Day
1673257609611204,TRIỂN LÃM QUỐC TẾ VIETBUILD TPHCM LẦN 1 ( 24 - 28/6/2016)
446996808822376,OFFLINE HỘI THIÊN YẾT ( 24/10-22/11)
516473185201027,Electro / Nhạc điện tử: La Fine Equipe
537961253030137,Chiêu Sinh Khóa Học MC - Giao Tiếp - Thuyết Trình - Đàm Phán
540812866095244,Workshop: Learn Enghlish The Right Way
564908820322787,Miễn phí ăn thử (mứt dừa non) và mua hàng giảm giá
582042138642267,BÍ QUYẾT THÔNG THẠO TIẾNG ANH SAU 2 THÁNG
853865084725983,WorkShop Nhiếp Ảnh Miễn Phí : Bắt Trọn Sắc Xuân
870102336441014,MỞ BÁN GIAI ĐOẠN 1 DỰ ÁN GRAND WORLD_KHU DU LỊCH VÀ BIỆT THỰ NGHỈ DƯỠNG
940079582750296,"Hội thảo ""Nghệ thuật giao tiếp"""
961890907221074,Gala Tuyên dương SV5T
978687028845759,Thông Báo Chiêu Sinh Khóa Học Diễn Viên - Và Các Khóa Học Kỹ Năng
1150279048327365,Tech-Offline Lumia 950XL
1250209691672634,"Workshop"" Tỷ lệ khung hình trong chụp ảnh chân dung & phong cảnh"""
1662647233975173,HỘI THẢO CẬP NHẬT CHÍNH SÁCH THUẾ VÀ PHÒNG TRÁNH SAI PHẠM TRONG QUYẾT TOÁN THUẾ NĂM 2015
1673111366300608,✳ S.I.P READING-ĐỌC SÁCH MỖI NGÀY ✳
1686434091598159,Sơ Cứu Trẻ Nhỏ Cấp Cứu Người Già
1718746255003614,Bữa sáng yêu thương lần 3 ngày 24.01.2016
847375492038329,"HỘI THẢO DU HỌC ""KHÔNG CẦN TỐT NGHIỆP PHỔ THÔNG VẪN LẤY BẰNG CAO ĐẲNG MỸ"""
173758996318799,"<("") RA MẮT CÂU LẠC BỘ EVENT S.I.P <("")"
198304027187955,[MINI OFFLINE] HAPPY BAEKHYUN DAY ❤
243396909324995,The Inner Path in Ancient Egypt and Now
405853492957694,Lua Viet Production Casting 07
540253672809175,[HCM] MANAGEMENT TRAINEE PROGRAMME 2016
890472597739645,THE 9TH ANNUAL OPEN DAY
983949421683707,The Box Market
991519047586708,Ngày hội tư vấn tuyển sinh Báo Giáo dục
1088750107815495,"“Lễ hội áo dài Thành phố Hồ Chí Minh” lần 3 - năm 2016 - ""Thành phố Hồ Chí Minh - Thành Phố Áo Dài"" - Ao dai festival 2016"
1500979480206344,Train The Trainer - Become a Pro.Trainer
1522699371357102,"WORKSHOP ""Impact of environmental change on Recruitment and Talent retention"""
1037131709671486,KHAI TRƯƠNG NHÀ MẪU MELOSA GARDEN - KHANG ĐIỀN
1144993788845925,KOME Festival
1293296670696212,Giao lưu Đh Sunmoon- CƠ HỘI NHẬN HỌC BỔNG 50-100%
1544443382542081,CÂU LẠC BỘ CASHFLOW S.I.P
475921735920526,Tổng Khai Giảng Các Lớp Đào Tạo Ngắn Hạn 2016
951727671541100,HỘI THẢO THPT NỘI TRÚ
1679768902239361,Tham dự tổ chức kết nối doanh nghiệp toàn cầu
571409763011365,mở bán căn hộ cao cấp
892671580846056,Khai trương Siêu Thị Tokyomart ,Công ty thành viên với Japanfoods
1542392979404300,Sinh hoạt chuyên môn tháng 3-2016
854402098039921,Human Machine
1510219849280612,"TALKSHOW ""TRUYỀN THÔNG THỜI @"""
464259450451035,Trí Tuệ Kim Cương - Khóa 8 - HCM
1692195737706269,Họp Tiệc Tất Niên Sàn Nhựa Miền Nam
475779402624672,KHÓA HỌC SƠ CẤP CỨU
1673172452963072,KỸ NĂNG THANH LỌC CƠ THỂ ĐỂ TRỊ BỆNH VÀ LÀM ĐẸP LẦN 2
961886813881901,Chương trình lái thử trải nghiệm cùng Honda Ô tô
927880337308102,Chương trình lái thử xe cùng Honda ô tô Cộng Hòa tại Quận 2
1642211479372445,CHUNG KẾT VĂN NGHỆ CHÀO XUÂN 2016
209819779360660,BUỔI GẶP MẶT WIFI VÀ NHỮNG NGƯỜI YÊU QUÝ ĐÌNH PHONG KHU VỰC HỒ CHÍ MINH
734189020015788,Martin Luther King: Beyond the Dream
1669253260031175,[ICE] BONUS JANUARY RECRUITMENT
1673151689618468,Mê The Coffee House? Tải Meete - Uống Free!
423187197891697,Financing Your Studies in the United States
1648873718718374,Premier ĐIỆP VỤ CHÂN DÀI
156585091375457,Film Screening and Discussion: Saigon Electric
205149099828671,How To Make the Most of Your Student Life in the U.S.
159306254431979,New Years Eve • Dine • Dance • Fireworks
