event_id,terms
1673153072897440,"giới chương trình hội chủ đề tiếp hình nhật diễn sự nam trung thành nguyễn biệt viên saigon mọi chi tiết liên thể"
403409569850856,"thời gian h chủ nhật Địa điểm trung tâm tạo nguyễn chí minh việt nam sinh tổ chức buổi dành mang vui phần động thể lượng biệt tham gia chi công viên tài hàng thức"
1643882742553367,"quốc gia thức lượng trường phát triển chí nam nhân hội hàng giới chương trình sự động viên thời gian"
1105684389456261,"hội giá dành sinh gia tiếp"
1646169172322185,"buổi giao sự hiện cơ quan tập chí hội thời thế giới quốc lý tạo nguyễn ký"
704613419670791,"saigon"
529715233844807,"tập trung sự thành công dự lý đề dụng quốc tế"
492973564196201,"hợp thế giới khách sự kiện tiếp học chủ đề thức chuyên chương trình tạo dành đăng ký đầu thứ quận tham gia viên tư thực tập cơ hội biệt công trường hoặc phí lượng"
1699270880286806,"pm"
142489732775742,"tiếp chương trình nội thực hiện tổ chức gia nam chi tiết thành viên thứ học tập buổi dành thời gian phát động chí minh sự tâm dự điểm tphcm trung hãy chúng mọi phần thể hình lượng đồng mang tham tài dụng liên hệ vietnam"
347861952089823,"hội tổ chức động dự triển hình sinh viên thời chương trình tạo dụng kinh nghiệm diễn việt trường học thành chí minh văn giao thế hệ tập"
553707154776476,"thực sự hãy cách chúng thể nhân hiện hoặc thế dự đầu tạo cơ hội mọi giới quốc gia"
1044168592280224,"giải dành sinh học tập liên"
1507447266249110,"học tập hãy hội tư trường diễn khách chí minh tạo tham gia chúng giới kinh tế dụng chương trình văn toàn thế biệt kết hợp thực thông tin vui lòng"
677952745575695,"lý dụng hàng tphcm văn thể hình tập chí minh mọi chi tiết vui lòng liên hệ"
725340260922835,"chúng mang hình thành công học đầu hội sinh dành tổ chức sự diễn dự mọi tiếp giải tâm nội chương trình khách văn giao h thứ chi chí minh ký liên hệ tham"
494764264037412,"hội diễn h lý chí minh cơ lượng tổ chức thứ tư gian hàng công khách chúng giới thời kiện nội sự thành điểm mọi tham gia chương trình động giao buổi pm saigon"
420033614863551,"vietnam chi"
411662922360897,"saigon"
1059089314115526,"kết giải tphcm mang trình diễn trường quốc tế công nghiệp biệt sự hiện tài năng tham gia"
181782878833227,"tin chi trường trung tâm phát triển động lượng tham dự phí thời gian h Địa điểm nguyễn quận chí minh kinh nghiệm thể cơ hội tổ chức đầu thế sinh viên toàn chương trình giới"
415560751901803,""
1041025602630712,""
1514846838808883,"chi minh saigon vietnam pm"
775060535938975,"vietnam sự kiện giới giải toàn công nghiệp thực việt nam thứ quốc tế hàng đầu triển khách tham quan gia lý bản năng tư tập trung hội chuyên biệt chương trình đề phần hãy phát thời gian Địa điểm tâm nguyễn văn quận thành chí minh hợp đồng nghiệm cơ lượng thức trường đăng ký hình dụng dành dự buổi tạo thông tin liên hệ nội"
1552412775048787,"vietnam sinh nguyễn minh quận thông tin chi tiết đăng ký tham gia vui lòng"
879336822135979,""
919436231437882,"chuyên gia kinh nghiệm giải cách học thành công trình quốc chương điểm sinh viên cơ hội ký tham sự kiện tiếp diễn hiện trường việt nam thời gian h chủ nhật Địa nguyễn tập hợp mọi tế đăng phần hoặc thông tin chi tiết vui lòng liên hệ tổ chức nghiệp quận tphcm"
1489661418004369,""
1633955313522594,""
721688537965587,"vietnam"
1185663778130472,"kiện giá nhân phần chi phí lòng sự hoặc tin động viên minh hội tổ chức chương trình gian h thứ quận tài đồng tham dự chúng vui tiếp thành đăng ký liên hệ tphcm hàng giao nội"
897885713633701,"chương trình hội thể văn tham dự tổ chức quốc tế giá nhân đầu việt nam đồng mang kinh giới hình gia thời gian Địa điểm nguyễn thức thực hiện tâm giải đăng ký mọi tài vui lòng liên hệ quan đề bản nội phần diễn hợp hoặc sinh chủ trường thế dụng phí thông tin sự kiện"
147543952268126,"mang"
638266769648820,"nhân đầu tạo sự nghiệp kinh bản phát điểm quan tài giải đề công thể chủ động thành lý tế tham gia dự trường sinh viên nghiệm thực mang cơ hội thức việt nam trình chuyên chương quốc tổ chức đồng triển buổi diễn quận tphcm thứ đăng ký vui lòng hoặc tin nội thông học liên hệ vietnam"
1517238981930295,"tổ chức thông thể chúng giải dành chủ nhật mang h giới thời gian chi sinh vietnam tài phí Địa điểm nguyễn cách thức đăng tin"
595595830581398,"kết vui toàn tạo việt nam thời gian h chủ nhật Địa điểm nguyễn công chương trình thực phí vietnam"
426286864233621,"đầu trường học hoặc thời gian thể thông tin tiếp"
874835075904840,"saigon"
850998744998117,"chi minh saigon vietnam pm"
716738678430703,"năng hàng quan nghiệp thành công nhân viên chuyên chương trình mang thức học tâm lý khách giao tiếp tham gia sự cách hợp kết thời gian thông giới đầu hội phát triển lượng h phí ký bản hệ kinh nghiệm tạo tổ chức toàn dành quốc thực dự tế dụng động tin vui lòng liên chúng biệt văn Địa"
703513213082071,"pm"
183580841988156,"thời gian pm Địa điểm saigon giá vui hợp mọi kinh nghiệm thức mang"
747267515322948,"hãy tập hợp nhật"
147933212231456,"cơ nguyễn văn nội tập trung quan thế học giới trường chương trình sinh viên việt nam thông công thực hiện dự đầu tin phí buổi"
910529609036509,"sự kiện động sinh phần đồng thông tâm cách cơ hội quan biệt thế thể hãy thời gian diễn h chủ nhật thành Địa điểm minh lý liên hệ"
1510567955909044,""
764835670294999,""
855071091220515,"tphcm nghiệp toàn bản minh chuyên cách trình khách hàng kinh nghiệm thông tin phí chúng đồng phần tiếp chi kết lòng sinh viên thức học hệ tạo văn trường thứ chức lượng thời gian công hãy diễn giải thành mang tâm giá sự hợp dụng"
487623601362936,"saigon pm"
182047475468283,"bản phát hội việt nam tổ chức buổi nghiệm thời gian dự diễn chủ nhật điểm chí minh chi tiết sự lượng tham gia hợp nội chương trình cơ giới giao phần đầu giá hàng tphcm mọi động thành công"
103101450054306,"công Địa tổ chức sự kiện giới hàng dự triển hợp phát khách cơ hội động chương trình buổi diễn giá dành tham thức biệt hãy đăng ký"
1052922628086084,""
1506351686359278,"thế động chúng vui tổ chức kết hợp trình dự tập trung phát thành kinh phí tài hàng nguyễn việt tin tham gia liên hệ"
1520387614946767,"vietnam"
1654035388177889,"tập thể quan hệ tphcm hội thực tế phát động giải giao gian trung h chủ nhật đầu gia quận tham dự biệt nam thành viên công quốc hoặc nhân đồng toàn liên việt nội phí tổ chức kinh đăng mọi sự chi lý sinh vui lòng thức dụng hiện điểm tiếp lượng hợp trường tài trình thông tin nguyễn chuyên minh"
1036612783035948,"tham gia giao kết đồng thời gian dự đầu buổi vui sự liên hệ"
800361323357823,"khách hàng đầu tư dự trung tâm tphcm thông tin hoặc thành văn hợp viên vui lòng liên hệ triển"
1660552524216133,"đề quan tâm hàng đầu thế giới tổ chức tế phần tạo kiện đồng cơ hội phát hiện dự lý công thông hợp chương trình trường tư phí liên động sinh chủ dành khách tham chuyên gia viên toàn tài buổi kết tiếp vui lòng cách đăng hoặc tin thành ký nhân thứ thời gian h mọi hệ"
1656182334649628,"năng hàng giao tiếp lý thời gian"
1053742441317347,"diễn tư kinh quốc cơ hội giao tế nhật tin hình phát triển tiếp thông nghiệp chủ việt nam lý chi tiết chương trình phí tham dự vui lòng liên hệ"
644598465643953,"nhân thành đồng tphcm dự tổ chức buổi giao hình quốc gia chủ đề kết thời gian Địa điểm học hợp lý quận phần tham chuyên sự chương trình khách phát động giới hội diễn văn thức viên tiếp kiện hoặc quan tâm đăng ký nghiệp việt nam triển"
1591204524467956,"vietnam giá chi minh"
435322593338815,"saigon"
737090809728395,"chủ năng gia trường tạo chuyên phát triển kinh học thực tế thể dụng kết hiện tham dự nghiệp lý nhân hàng chi tiết chương trình tin công quốc tổ chức mọi cách tư buổi hội thế giới diễn phần tài biệt thời gian nghiệm tâm việt sự thành sinh động tiếp liên tập trung quan lượng giá thức điểm khách đề giải hình đầu thông chúng hoặc giao hãy lòng dành bản"
516363538546016,""
1708970406004977,"diễn việt nam vietnam sự kiện tập hợp tạo đồng thức phát triển hãy đăng ký tham gia đề thực hội giá nhân nghiệp tin thời gian h thứ Địa điểm phí dự dành học viên sinh"
528961267266179,""
405987992930610,""
1647784098809527,"tphcm thức sinh minh dành mọi đầu học h thứ biệt viên dự cơ hội tham gia tổ chức liên hệ chúng sự thành đăng ký buổi nội bản thời động kiện cách tạo tiết dụng hợp thực tư chí hình thể tin hiện phí mang lượng chương trình quận nhân hàng chủ nhật hoặc tài việt nam thông vui lòng nghiệp chuyên kinh nghiệm công saigon giao"
864041886997217,"saigon pm"
439904049551763,"tham tạo kinh nghiệm thông tin thức sự nghiệp buổi chuyên gia tiếp chương trình chủ đề năng bản đồng thời công thành dụng thế giới giao phát cơ hội động cách thực hệ quốc tế thể hiện tài đăng ký gian h phí dự Địa điểm saigon quận"
1706173342932599,"saigon pm"
105330416502936,"tphcm chúng điểm thông mọi động thứ"
134546073570468,"học liên h buổi Địa điểm viên lý nghiệp năng hợp toàn kết tài quan hệ giải trình hàng dụng thực hiện dự chi phí thông tư nội giá gia phát sinh công thành tiết động hình kinh trường tiếp kiện chuyên thế hãy thể tham đồng tế bản cơ mọi chương tập tổ chức hoặc tạo nghiệm nhân sự mang"
928894690519883,"tập trung sự thành công dự lý đề dụng quốc tế"
692497527518304,"pm"
979761405403606,"sinh viên cơ hội thức bản nghiệm thực tế dự đồng văn thế giới công toàn năng hãy chương trình mang học đề quốc gia tổ chức buổi chi tiết tiếp tập thể đăng ký tham sự kiện tin thứ Địa điểm nguyễn tạo tài hoặc"
1674089026164377,""
1054725234546881,"mọi thức cơ hội tập kinh nghiệm công chúng đầu tphcm hiện thời điểm dự giới thể tham gia thông tin đăng"
533717493449855,"dự tổ chức kinh trường tphcm động hội thành dành chủ đề mang sự lượng giá văn đồng tham gia học sinh viên chí minh trình tế thời gian h Địa điểm cơ giao toàn liên hệ thông tin chi tiết diễn tài trung tâm"
1118660994820141,"saigon vietnam pm chi minh"
441028849432114,"chi minh"
942145629156651,"động đồng diễn công tổ chức giải mọi nội chi tiết cơ thể thực hội quốc chuyên gian hàng chương trình toàn phí"
1147882738564437,"thức sinh dành đầu h thứ tphcm học viên phần trường hội điểm tạo kết hiện thực thời gian thể buổi cơ bản toàn phí đăng ký sự chuyên gia tư nghiệm chương trình biệt hợp việt dụng năng động thông chủ đề kinh nghiệp nhân nam chúng tin mang mọi hình cách nội giới tài chi tiết lượng quan triển tham giá nhật thành vui lòng hoặc lý đồng quận hàng tiếp liên saigon giao Địa"
177405102602025,""
520105564831146,"kinh giao tiếp văn thể nghiệp nghiệm sự quan hệ hợp việt nam nhật bản trung tâm nhân tổ chức hội học viên thông tin chi tiết"
427770110749644,""
1477651862560133,"saigon vietnam"
1638389173109087,"nhân diễn hàng năng thành mang quốc tế học thức kinh nghiệm chí thực gia phát triển mọi thời quan cách tâm sự văn động tạo tài chúng biệt giới việt nam trường gian kết chuyên chương chủ nghiệp nội công tập cơ hội giao hiện dự dụng lòng lý dành đồng tổ chức trình minh đề tham liên điểm tiếp phí khách viên vui hệ h quận"
576649295807118,"tin hội học đồng kinh tế dự thành sự toàn nam tạo trường cơ quốc gia viên hàng đầu tư động phát triển cách công năng thể tập trung tâm việt tổ chức lượng chương trình nghiệp tài dụng mang hợp tphcm tham thực hiện chuyên thế giới hoặc liên hệ"
1050129005007402,"liên kết tham gia hãy Địa điểm nguyễn quận thời gian h chủ nhật đầu giá thành viên dành hàng công biệt thể hoặc vui"
1530136120643016,"tham gia vui trung chương viên mang sinh liên thông minh tphcm chúng động trường học giao văn quốc tế thành hiện thực tin giải thể kết bản việt nam giới sự đồng tư tổ chức cách phát dụng tiếp tập hợp hoặc hình hội quan tạo điểm tâm dự hàng nội thức nhân chuyên chủ cơ tài kiện giá đăng ký năng kinh diễn thế"
541688985990207,"hình động quốc tế tổ chức thứ thành thế giới đầu diễn sự mọi nội tập trung h trình điểm kết nhân tphcm pm"
410271959178819,"hội giá hãy buổi thứ thể"
534708873350828,""
1522705568048224,"thời nội sinh hình cách hoặc thức tư mang vui sự vietnam tổ chức chương trình h chi tiết tập trung công dụng thể thành điểm thực hiện động diễn đồng giao phát kết chúng lòng tâm học mọi liên tham gia tài"
1659305187682471,"học thứ h chi tiết Địa văn chí minh nguyễn cách thức hàng toàn động dụng công hội kinh khách mang năng biệt viên thực sự chúng chuyên nghiệp thông tin hình liên hệ"
1623749834542763,"sự kiện năng giá công tạo mọi thể tiết đăng vui lòng lượng nguyễn nhân nhật"
1667516100192564,"sự động thế giới hình thức giao tiếp tin nghiệp mang nhân viên khách hàng hãy chúng dự thành chủ thời hiện"
1663241800631364,"năng lượng sinh cơ thời gian thể tiết tập trung học thành công sự tin bản trình tâm đề chí quan vui chi"
478515825661630,"thời gian thứ Địa điểm nguyễn vietnam thông tin chi tiết tham dự hoặc lý nghiệp ký"
1045203018844119,"chi minh saigon vietnam pm"
978023902255856,""
977812568945998,""
1705848732980878,"chương trình hàng khách hình học thực tập đồng sinh viên việt nam trung tâm tạo trường cơ hội dụng thức tế kinh nghiệm bản hiện biệt thể phí cách đầu quan thông tin giá kết mọi chí minh dành thời gian chủ nhật Địa điểm nhân quận chi tiết tham dự hoặc tư tiếp nghiệp quốc hãy đăng ký"
1526600467663466,"chi minh vietnam"
1502150523415752,"tin sự trường động thể dụng nhân cách"
932318536854763,""
1652546251661088,""
1534172186874420,"chủ đề quan tâm biệt động hiện kết thành toàn thể hội điểm cách phát thực tế giải thức thế hệ triển chương trình tạo chức năng lý thời pm học Địa quận"
1004501272934293,"kiện giá nhân phần chi phí lòng sự hoặc tin động viên hội kết hợp kinh sinh phát tổ chức chương trình gian h thứ quận tài đồng tâm liên hệ tiếp hàng chủ minh nam ký tham gia vui đăng"
555065451317943,""
1651302205118023,""
1635667590055386,"thời công hiện thành phần thể hình toàn hoặc chi phí lượng nội chúng tiếp tham gia nghiệp phát quan động kinh giải buổi tổ chức biệt trình hàng khách trường hợp việt nam thế giới diễn nguyễn nghiệm chủ tạo nhân thông liên kết bản viên quốc tế dụng"
1719877178240884,"đăng ký trường chí minh sự kiện tổ chức thông tin chi tiết"
1500362113591255,"saigon pm"
210616589269733,"nam tphcm phần động viên thành tham gia chương trình thông mọi lý đề hội quan tâm diễn kết toàn phát Địa điểm chí minh thời gian tổ chức lượng kinh phí chi cơ công hoặc h pm tập trung sinh nội thể giá"
182639612078173,"pm vietnam"
871565706285002,"saigon cách gian hãy"
1097659073578691,"giải quốc tế"
138048423223427,"saigon"
1658552184361587,"nam hàng kinh thế giới tâm nhân thành chương trình tạo tiếp lý công quốc tế nghiệp toàn chuyên chí minh việt thời lượng thực dành hiện học năng dụng đầu gia giao chi phí sinh mọi trường giá chủ đề phần hoặc tài nghiệm khách tiết biệt buổi tập trung quan liên bản động thể mang kết tham"
1516099898705226,"chương trình tiết hàng đầu quốc tế diễn cơ hội phần tài học kinh nghiệm hợp chủ giá đăng ký tham dự thời gian h nhật Địa điểm nguyễn"
1465104253792971,"hội đầu tư việt nhật diễn tphcm nghiệp bản cơ nam"
1642763619333249,""
1648346515421234,"vietnam saigon"
1621361011463261,"thông tin thức buổi tập chủ đề mang diễn học văn mọi hãy nhật hình sự kiện"
764871663617846,"tổ chức buổi tư phí chi tiết thời gian thứ chủ nhật Địa điểm thành quận nội đề giải tham gia năng quốc tế chúng đăng ký đầu thông sự kiện phát vui lòng mang"
499879156840400,"tham tổ chức mang nghiệm dự chi tiết thể bản liên hệ lượng công mọi vui lòng giải"
868113803286255,""
778607978933665,"vietnam"
1629089714006339,"hội saigon pm sự quận thứ thành"
939638432739841,"giao tiếp quan hệ kinh nghiệm dụng thức lý thành năng thực gia sinh giải hãy ký mọi đồng học công tạo trường tế biệt dành tâm chương trình phí giá đầu đăng tham"
1524682541185172,"giá đồng giao ký hàng"
962375430501761,"saigon thể hãy tập chủ nhật hàng thời gian đầu vui lòng đăng"
555949701234891,"kinh tế trình thành quan mang công nghiệp hiện trường sự biệt nhân viên tổ chức tạo dụng đề liên chương lý thể phát năng cách cơ bản tài triển giải tin gian học chủ nhật thời h lượng buổi kết nam quận chi phí thông tiết đăng ký vui lòng hệ"
441629796036509,"cơ hội việt nam giao hãy đăng chúng phí tài hàng chi chủ khách"
116156808747985,"chuyên gia nhân sự giá công cách quốc dụng kinh nghiệm mang lòng ký hoặc tư"
141278542901395,"chi minh saigon vietnam pm"
1643381175903642,"thời gian chủ nhật Địa điểm hội trường quận chí minh việt nam phí tham gia lượng giới tổ chức chi thực nội chương trình văn sinh viên hình mọi vui lòng liên hệ hoặc"
600827433383056,""
1405303876431734,""
438894969641721,""
482838738558603,"chúng vui thông bản hội dành động saigon quận tài năng chuyên nghiệp tham dự trình diễn mang sinh chương giải triển đồng hãy tiếp tin thứ chủ nhật thể vietnam nam kinh"
1516517512002547,"đăng tham gia nhân thông tin thời gian h Địa công tphcm"
875491222558206,"hàng tham gia hội chương trình"
1697241207153927,"chi minh saigon vietnam pm"
1636419359964472,"chủ nhật thời gian"
1651687241722923,"tham gia trường kinh tạo hàng đầu thế giới cơ hội tiếp sinh học thành công dự phí thông tin kết viên triển quốc tế tổ chức chí minh vietnam thứ saigon quận giá dành khách tài nghiệp chuyên trình nghiệm quan tâm h chi tiết vui lòng liên hệ việt nam văn nội"
995025613883488,"saigon hội hình thành đồng công tổ chức gian nhân trình lượng mang chúng tiếp giới sự kiện diễn chủ nhật"
983628185032105,"mọi vui lòng liên hệ chúng nội"
197446043924959,"saigon h"
1642044482711178,""
187063218296622,"nhân diễn sự đồng chương trình năng phát viên tham công gia thành hình tiếp hàng thời gian tạo buổi tphcm thông hội việt nam chi nghiệp lượng dự thứ h Địa điểm tâm lý nội sinh thể tư thế hợp giá chuyên phí học ký tập dụng đăng phần mọi tiết vui lòng liên hệ văn"
1084051461628235,"chi minh saigon vietnam pm"
1226313327396867,"mọi tiếp lý"
719368461526737,"saigon pm"
1495218810806969,"chương trình tổ chức động mọi hình thức đăng ký tham gia tập diễn thứ h thông tin liên hệ"
464495213732121,"nhân thông tổ chức thời gian Địa điểm dự văn thành phần tham giới chương trình sự nhật đồng nghiệp quan chúng chi tiết vui lòng tin"
1656348561311152,"h"
1488463164790626,"biệt dự tập thức trung tâm tphcm đồng thời kết tiếp thành lòng công viên mang cách tạo gian chủ nhân hệ hàng đầu tư sinh nhật gia điểm nghiệm dành khách thể hiện tế vui toàn liên lý giải quốc trường lượng tổ hợp việt nam quan thế giới chí minh động hình văn mọi sự kinh"
1653260184922609,"tiếp mang động trình diễn thời gian h pm"
496623987186051,"khách hàng dụng trình"
1648464892085939,""
250309228458366,"trung chúng thể phát động tổ chức chương trình lòng thời gian thứ tập h chủ nhật Địa liên gia dự phần tâm hãy hệ tin tham đăng ký nam thế kết phí"
1647213525551952,"thành công buổi việt nam tổ chức phần mang học viên hiện khách tham dự nghiệp tin hãy gia chúng thứ thời gian Địa điểm quận chí minh giới vui lòng hàng đầu sự tài kinh trường toàn vietnam pm chi"
423717384415158,"chúng tâm trung hãy vietnam mọi gian ký thời vui phần tạo kinh phí chương trình dành gia hội tổ chức thứ tin h Địa điểm giá đồng hoặc liên hệ cách"
806269369499422,"chi minh saigon vietnam pm"
730495743749028,"pm điểm saigon động tập thời gian thể"
197038423962760,"thời gian điểm lượng hội trường học diễn mọi tphcm giá nhân hợp sinh viên tổ chức mang sự kiện tạo cơ thể đồng tư h Địa văn đăng ký hoặc tiếp chi tiết liên hệ"
1513308675646827,"học công tâm chuyên gia viên thức thực tế giá trình việt nam tạo nghiệp quốc nội tiếp thành tổ chức ký mọi chi tiết liên hệ hoặc hình"
1723028394595042,"hội học cơ gia trung thể cách thức thành công trình giải buổi chi tiết thời gian Địa điểm quận tphcm sinh viên"
423109224551631,""
515513515294126,""
910059795737600,"phí tham gia nam đăng chương thông tin ký biệt dành quan cơ hoặc giao nhân viên diễn chuyên tâm gian pm văn tphcm tiếp công lòng sự"
986456478078557,"sinh giá thể khách hàng nhật bản chương trình dụng hệ thức tiếp hoặc nội quận thành vui lòng thực hiện h"
538279132989832,"thời điểm quan kinh tế việt nam hội toàn đồng trường hàng biệt đầu thế giới nghiệp thức động cơ tiếp hiện chuyên mang ký tham dự chi tiết chương trình học"
1653992801547099,"học sinh viên quan tâm chương trình vui lòng tham dự hội tiếp trường thứ quận tphcm đăng ký hoặc hiện toàn giá thế giới thành việt nam điểm lý"
1483086508637055,"học phí trường hợp cơ bản buổi liên hệ quận thứ nguyễn văn lượng chủ nhật mang tập mọi giới thức năng nam"
1487338478240415,"mang tài năng thứ thế giới tổ chức thành công nam lượng buổi diễn thức sự kết hợp tập trung bản thể tế chương trình hệ điểm thực kinh nghiệm hàng đầu toàn cách pm phí"
1527444727569728,"hàng"
1447016085626611,"vietnam saigon"
470419469805037,"thời gian sự tham gia sinh học việt nam chuyên tư cơ hội phần chương trình dụng nội đề giới kiện chi phí kinh nghiệm minh tài thế ký tiếp"
991726190899697,"nhân khách hàng nghiệm lượng chúng chi phí"
930395153664597,"saigon pm"
1628876144040385,"saigon chi minh vietnam pm"
1645651059017140,"chi minh"
1521483178178527,"sinh hãy chúng nhật nghiệm thế giá toàn dụng thực hiện vui lòng giao năng tạo học thời gian Địa điểm saigon"
965011166870264,"quốc tế công gia việt nam"
1640441632884917,"saigon pm"
1516028465387070,"công nhân chương cơ saigon thông tư liên minh tham gia đăng"
832878440162138,""
705312679603964,"saigon chi minh vietnam pm"
741573269308723,"saigon"
1648052285418189,"vui thành công đề nhật trung tâm quốc tế biệt điểm cách trường thời gian pm thứ hàng Địa phí tham gia việt nam thông tin chi tiết"
184165651924959,"đầu chúng hãy thức tâm tham dự vui chủ thời gian thứ nhật Địa tổ chức sinh viên học minh"
506342142874538,"khách hàng giá lượng"
850447408407557,"cơ hội học toàn phần trường kinh ký tiếp thời gian thứ Địa điểm văn công tư nguyễn tphcm chuyên thế giới nhân tạo quốc tế sinh viên nghiệp chí chương trình bản giải kiện đăng trung đồng thông cách thức vui lòng hoặc hàng đầu tập thành thể thực phí động"
923560931071519,""
446234268895916,"hội học giá thành tạo công trung tâm trường động sinh viên quốc tế đầu hoặc giải kinh lượng năng toàn lòng nghiệm thứ nghiệp chuyên dự cơ tham gia thời gian Địa điểm văn nhân quận trình ký thông tin chi tiết đăng minh tài hợp tư tập"
1532926813694297,"nhân quốc tế buổi đầu điểm tài năng kết hợp tạo sinh kinh nghiệm sự lượng quan hệ thể mang vui lòng chương trình pm phí tin hiện đồng thời phát triển thành chủ thế giới nhật bản dự diễn tiếp công thứ động khách hàng tổ chức liên h tham gia tư thức hội tâm dành chuyên"
1212368625446112,"phát triển thông tin trường sinh viên hiện thực chủ nhân thành biệt thức tiếp đăng chi tiết hãy ký"
564214203736354,"saigon thể nghiệm toàn sự thế tham gia"
1043281959036382,""
1405085129821337,"đầu tư thông tin chi tiết hãy liên chúng hợp"
192596887742760,""
1676329352608101,"quan tâm giải toàn đề hãy đăng ký thể hàng đầu tài giá tư kinh nghiệm giới thời gian chi tiết liên hệ văn minh"
134970850201139,"buổi chi kinh nghiệm sinh dành chuyên gia chúng phát triển trường"
721108484687936,"tham dự sự kiện buổi chúng trình biệt tiếp cách thể nghiệm diễn mang quốc tế sinh học trường viên tạo tài năng đầu kinh tổ chức chương thứ phí mọi"
492112924325606,"chi vietnam saigon minh nam"
1060349784009934,"pm"
1334681039881631,"ký tham gia chương trình giao khách liên nguyễn thời gian Địa điểm học hợp tphcm lý giới chủ đề động đầu tập đồng thông tin cơ bản thực công thức quan hệ thể hàng toàn giải hiện kết nhật hình dụng"
714237438711761,""
467760970075640,"quan tâm gia bản giải đề thực sự động đồng việt nam giá chúng học dụng hãy dành kiện tổ chức chủ nhật quận tphcm khách nội tham dự phí đăng ký hoặc tin chương trình"
1669437033340250,"phí học mọi hình thức tập dành quan biệt giới nhân công nhật giải tâm hãy nghiệm sự nội tphcm chương trình nghiệp chuyên gia liên tổ chức khách hệ chủ lý tài gian đăng ký tham dự hoặc tin đề diễn viên kinh quốc tế đồng tư phát triển thành dụng trung sinh"
1653917291543568,"thức động hệ toàn quốc nội chí minh tiếp phát triển sự thành công tin tâm mang khách nghiệm lượng giá hàng chương trình"
527385800759438,"chương trình tiếp nam nhật bản thứ thành chí minh diễn sự tham gia"
172015596484680,"trường tài công"
608762552594198,"động biệt tổ chức thứ hàng năng giao tiếp tin học trình ký tham gia thông thời gian pm Địa điểm nguyễn văn quận phí chủ nhật việt nam"
1675390636081561,"học thời gian tập cách nhật phí ký"
1035314519836199,"công phí việt nam thức dự thứ diễn tphcm quan tâm trung chí nhân hoặc đầu liên tổ chức nội quốc gia toàn quận nguyễn phát điểm trình cơ hội giao buổi kết thời tham hình giải"
503683439801590,""
566175580204077,""
427989960731914,"gian thời h tphcm phát phí Địa điểm tổ chức kinh dự cơ nhân chi trường nội thành tâm kiện sự tin chương trình công mọi tiết vui lòng liên hệ tài nguyễn hàng"
502407396600024,"việt sự kiện hàng hãy đầu giải văn tham gia thông tin chi tiết"
1159030577448377,"gian hàng quốc gia trung nhật bản việt nam"
423159877876048,"tphcm nhân thành trường liên viên thời dự buổi hàng h thứ điểm quận chương trình khách lý sự đồng chí"
1109265265750628,"vietnam"
436888249849609,"saigon vietnam pm"
1659661840956158,""
1649728361965138,"chương trình thực hiện học trung"
886099961445115,""
554380491387541,"phần thức nhân tâm lòng việt nam sự chúng giá mang gian dành quận chí minh thời h chủ nhật lượng sinh thứ liên hệ hội tham gia công tập trung phát kết chương trình thể thông tiếp động ký hình tài chi thành nội"
929996930426373,"sinh viên chuyên thành thực lý nghiệp hình công tế cơ hội tập đầu tư học chương trình quốc trung tâm thế giải quan sự phát triển khách hàng giao tiếp kinh nghiệm đăng ký"
1703776966504174,"nghiệp đề phí cách kinh lý khách hàng sự kết hợp thành phần phát triển thể công tài nội chi tiết thông thế thức tế thứ thời gian pm Địa điểm nguyễn lượng tham dự chủ hoặc quan chương trình giải giao tin chuyên gia viên quốc tạo nhân học hình năng bản tư toàn minh nghiệm tổ chức h đăng ký buổi"
1621257701440717,"thông tin việt saigon thứ hàng chuyên nghiệp thể tập hoặc cơ hội nghiệm buổi bản dụng nhật tạo kiện học lượng gian hãy thời phí dành thức"
1656401337951247,"hội thực chuyên kinh thức diễn thứ Địa điểm quận"
148966468795177,"saigon"
489124871259892,"công trình thời gian bản thể hiện tài lượng lý trường liên thức động nhật chuyên gia học thông tin chi tiết"
509073795927959,""
112055882496156,"sự kết hợp tạo động chương trình diễn năng bản thế giới tâm hoặc thể hiện dành đầu pm phí tin cách trường nghiệp học quốc gia tập trung chủ đề thực hội điểm giải tham dự phát"
147836405575804,"dụng tạo thế mang tế hình cách hàng việt nam phần trình học giới thành chí minh mọi sinh chuyên công phát triển thời hội sự kiện hãy chủ đề tài năng thể kết động đồng"
413613492176268,"liên thứ tphcm saigon thể quốc tế việt nam chí tổ chức động chuyên khách văn học giải giá sự năng diễn thế giới thành minh hiện đề nhật bản nguyễn nghiệp trường h tư vietnam chủ trình"
428507854007363,"tham dự học kết hợp trường quốc tế diễn h thứ hàng đăng ký"
1508347219459135,"chi minh saigon vietnam pm"
1660504720886715,"vietnam pm"
1694036784158640,""
1633865473528494,"hội dành trung tâm"
1638603683071537,"saigon"
919883004725577,"buổi công chí khách biệt"
1484603061846426,"cơ bản dụng phần chuyên tạo diễn kết công cách trình hình thành thực giá minh việt nam hiện mọi tư trường học sinh viên biệt nội chí thể tế năng hợp động nghiệp nhân hệ quan tiếp lượng thông thời gian lý buổi phí liên thức dự thứ thế nghiệm hoặc triển kinh chương tập tài hội giải đăng toàn"
476987945841463,"hiện thế giới tiếp dụng đầu đề quan tâm giá mang công tập chủ nhân hàng liên kinh tạo thức khách thành trình cách thông tin học tài thực chuyên năng trường thể hãy chúng toàn thời gian thứ hoặc Địa quận chí minh trung phát triển tổ chức viên tế biệt sự tham gia nghiệm việt nam phí đồng buổi hội hệ"
975449605847497,"sự kiện đồng tphcm tài năng nguyễn thành diễn vietnam công tổ chức chúng mang lượng đầu tư hệ thể giá phần sinh viên"
1656788981261051,"trường động sinh viên học thức năng nghiệm văn tạo sự nghiệp thông tin chí điểm cơ hội trình toàn phần giá đề trung tâm tư quốc tế giới buổi thời gian chủ nhật Địa quận minh kinh tham gia giải hiện chi tiết thành công thế đồng nội nguyễn việt lý chuyên chương mang tập dự hãy ký"
1523381281314094,"khách tổ chức sự kiện năng thức chuyên nghiệp đầu tham gia chúng buổi đề thành công trường tạo thế giới thời gian h chủ nhật Địa điểm tphcm đăng ký dự thông tin"
1519188885061886,"chương trình nhân đồng phần tiếp động tin cơ hội phát triển tâm quan cách sự"
499466390227177,"chương trình đầu tư công tổ chức mang sinh viên biệt buổi hàng động thể tiết văn tạo thời hãy tham gia nghiệm"
104739873227552,"vietnam"
736854409753137,"saigon"
1686890481593187,"nhân thành tạo cơ hội tham gia học quan tâm chúng dành thể phí năng hình tài thực tế bản dụng cách đầu tư công viên lý giá tin dự chi nghiệp phần kinh tiết hiện phát triển chuyên điểm nguyễn tphcm"
1185739131454038,"giao sự hoặc thế giới kiện tổ chức"
419239658279508,"sinh minh thời gian Địa điểm công viên tập trung chúng tham gia dụng tâm mọi hoặc nhật buổi động thông"
1490608407901635,""
1637955923126632,""
1097491116941832,"cách nghiệp nhật bản thức tiếp khách hàng lòng sự quan tâm động vui chúng thể dụng lượng công kết trung hợp nhân việt chuyên gia lý kinh nghiệm thông tin chi tiết"
147122932314782,"thứ tư Địa văn phí tham gia ký dành hãy hiện thể động quan tâm năng lượng bản kết học phát triển tập trung hệ công tin buổi nghiệm kinh lý nghiệp"
1683213978558267,"chủ động giải nhật bản"
874334249323234,"thời gian Địa điểm vui giải tphcm khách nhật toàn tham gia hội học hàng đầu ký thông tin đăng"
699502706817410,"hàng thời thực hội diễn"
762028467236161,"tiếp phát triển hệ sự thành công chí minh tin tâm mang khách nghiệm lượng giá hàng chương trình thứ điểm thời gian chi phí hãy động viên chúng vui toàn quốc biệt sinh đầu việt nam"
1024404200913038,"saigon buổi diễn kết hợp pm giải giới trình hình hiện thứ chúng nghiệm quốc tế công sự thể mang bản tạo cách viên biệt học thế lượng đầu động chí việt nam gian lòng thực tiết"
981889315202456,"nghiệp động giải phần công triển sự thành khách hàng tạo chuyên năng dự quan thức chủ dụng kinh chúng đầu tư tâm lý tài thông tin hệ cách sinh gia"
520514754791299,""
414057348785375,"vietnam"
623228254478204,""
758722094239535,"tạo thời gian nhân tài viên hội nghiệp thành giải đề mang thế động đầu tư chi phí dụng sự hãy học cách phát triển năng hàng chủ quốc gia toàn công hệ thông ký h Địa điểm văn quận tphcm mọi vui lòng liên"
489393957905197,"vietnam"
186283245051572,"chi minh saigon vietnam pm"
1717752625120818,"hội tổ chức chi tiết"
980109532046690,"pm"
1006657816062381,""
770446929732029,""
190853124587106,"sinh thứ động mọi gia thể học giải giới hệ cách tâm tài sự tiếp thành liên nội chí đề bản thức phần chi nghiệm thời gian thực tổ chức công biệt toàn hiện chúng hợp hoặc lý nhân hãy đăng ký tiết h Địa điểm quốc giá mang kết"
1653871418226721,""
934528249967335,"đầu việt nam mang dành công nghiệp sự kiện kết hợp hội hình hoặc nghiệm thể đồng giải toàn thời gian pm giá tham gia năng tạo quan hệ mọi học kinh thành thức bản cách cơ hãy đăng ký phí viên dự thông tin chi tiết liên vietnam"
543887232441917,"gia nam thời gian Địa điểm trung tâm triển hội văn quận công việt nghiệp hàng liên hệ động chức năng đồng tư hợp cơ lý tạo hình"
1671070769775735,""
825881260800727,"sự kiện diễn thứ kết hợp giới việt nam trình tài saigon biệt thể hình hoặc tham dự phát quốc pm lý"
913726102016230,""
542668749205988,"chí đồng thời kết chương trình mọi cơ hội thể hiện bản mang tạo vui sự hoặc chúng chi tiết"
632343673535086,"pm"
143844432640742,"saigon"
905008766246226,"việt nam diễn đầu sự kiện tham dự biệt cách mang hội dành vui gia động viên chuyên nghiệp tạo cơ tập quan hãy nghiệm tổ chức đăng ký Địa điểm tphcm thời gian thứ vietnam pm"
115510352145960,""
540286862788351,"giao phát viên chủ đề liên hệ chương trình thời gian h Địa điểm quận thành giá hoặc thông tin mọi vui lòng"
795999260515174,"động biệt tổ chức thứ hàng tin học bản hoặc thể trung tâm thời gian trường vui cơ hội mọi pm Địa điểm nguyễn tphcm ký tham gia phí giá chương trình phát thông dụng năng chủ đề giải"
525586757605679,""
858874757559077,"học viên tham dự hội diễn chí minh nội khách quốc tế trường hàng tạo công tiếp ký"
192475747754735,"thực hiện nghiệp đăng ký bản phí thời gian công thể giải phát lý thế biệt nam thông đề phần chương quan việt gia tổ chức toàn hình sự trường mang kiện thức liên sinh kinh tế hãy diễn văn hội viên quốc nghiệm tư"
991910604185166,""
1666564306896462,"nam chi minh"
1663023173954359,""
1667176276899761,"học sinh việt nam tham dự buổi tiếp hội công tổ chức thời gian thứ Địa điểm văn nguyễn minh chương trình trung trường thế giới hiện sự hàng đầu viên quốc tế tạo nhân biệt năng thức kết tập quan tâm ký tin"
1254733711210840,"sự mang thực saigon h thời gian"
511667155662904,"vietnam saigon chi minh"
453667674816044,"vietnam"
878190755634253,""
1521727101485445,"saigon gia pm"
1736114333285649,"mọi nam sự đồng điểm tổ chức động tham gia biệt chúng tập trung thời gian thể diễn tiếp hoặc thông tin vui lòng liên"
811739372281195,"nam hàng tâm hợp tổ chức buổi nhân quận sự tạo phát thành chương trình phần kinh phí dự thức quan thời gia học triển chi tphcm"
1661242774134560,""
194438797565243,""
1671816919707903,"minh thời gian giá phần phát tâm kết tham gia liên hệ cơ quận sự kinh hoặc mang vui"
1052151534809365,"hàng mọi tâm thứ hãy chủ đề sự tin buổi phần toàn mang sinh đồng trình thời gian pm Địa điểm saigon công quận thành chí minh giá lượng đăng"
1528758890748931,"động thế giới công tiếp học cách chúng hãy dành vui chủ đề điểm thông nội tư thể năng dụng gia thành thời gian nhật Địa saigon nguyễn văn quận đăng lượng giá phí tham sự kiện phần"
471379523018564,"vietnam pm"
1115755325103483,""
1635747950032736,"thành công tổ chức tiếp chủ nhật điểm tế bản thế giao giá lượng gian hàng tập trung kiện nội chương trình giới viên tham gia dự hoặc vui lòng đăng ký liên hệ mọi thể"
497474997090416,"sinh viên trường tạo liên công phí thời gian kinh nghiệm nhân cơ hội nghiệp thực tế tiếp thông quan hàng tư hợp giới chuyên tổ chức thứ toàn sự biệt năng dụng đầu gia học kết mang hiện tài phát triển khách đồng tin kiện diễn Địa điểm nguyễn văn quận ký"
755473814599301,"saigon vietnam pm"
441839982667436,"thành công chương trình học viên thể sự thế kinh dụng tạo triển lý nhân hàng cách trường hệ kết hợp đề tham nghiệp trung thức năng chuyên thứ thời gian động dự tổ chức cơ phát hình giá chí tin h lượng buổi nam quận mọi vui lòng liên"
1695189700704438,"vietnam"
917775454980540,""
856704631068589,"thành lý công nghiệp tphcm thông kết phát triển chúng quan hệ tạo giá sự kiện hội giao thế sinh viên học nghiệm thứ"
1701251846786746,"nhật bản tạo hình thông thể thành thế giới dụng hãy phát triển tư học gian tập trung quan chi tiết phí tham gia sự kiện phần dành đăng buổi lượng diễn chủ nguyễn văn quận"
913224282097618,"giới mọi bản thành công đồng thời phần việt nam thứ trung mang gian h Địa điểm nguyễn tphcm lượng dự hoặc đăng ký cách thông tin tư"
1678424979065826,"thứ h chủ nhật Địa điểm văn phí học"
436004849930354,"thành viên sự kiện phát triển sinh nhật thứ thức diễn h trường cơ chúng dự"
1903560073203000,"saigon"
922981211110550,"lòng hội công đầu thông tin thức"
516654305161658,"vietnam saigon"
923304757761862,""
573130449507448,""
915555705185172,"việt khách saigon tham dự biệt thế thực đầu hàng lượng vui lòng"
1634227493510358,"thành phần tham dự nghiệp chuyên viên công thức năng chương trình tạo biệt trường hàng đầu quan nhân tổ chức thời gian động thông đồng kinh minh khách lượng học buổi h thực tập phí giá ký lý gia phát triển sự giao hội Địa điểm quận văn tphcm hoặc tư chi đề dành vui lòng tin chúng"
1674987226048875,"pm h"
1638960129727035,"vietnam chi minh pm"
1641671362774614,"việt nam thứ thế giới sinh học hệ động thực thời cơ quan chức năng hàng hợp tổ giao phát triển tiếp mang lý hiện lòng diễn hình công thể hãy đăng ký tham gia hội sự chương trình chúng mọi chuyên gian dự điểm chí minh thành viên trung thông tin liên nguyễn"
931770880212003,""
171967523146277,"vietnam"
1232287183454381,"phát gia"
1668763606671752,"đồng việt nam hợp tổ chức tham gia phí sự kiện thời gian công chúng thành viên khách dự phần trình dụng"
156832861335620,"việt saigon pm minh bản động chúng gian giải biệt thứ thức Địa điểm thời giá phần tiếp phí"
1136662996361958,"vietnam chi minh"
917721075007526,""
963606073713590,"chương trình chủ đề giao vui hợp tâm thực hiện thời gian nhật Địa điểm trung văn thể tphcm công thông tin thành hàng tiếp diễn buổi"
491058557709091,"chi minh saigon vietnam pm"
1245920382101712,"chương trình"
921413567927314,"đề quan tâm hàng đầu thế giới tổ chức tế phần tạo kiện đồng cơ hội phát hiện dự lý công thông hợp chương trình trường tư phí liên động sinh chủ dành khách tham chuyên gia viên toàn tài buổi kết tiếp vui lòng đăng tin thành ký nhân thứ thời gian h mọi hệ"
170397459977822,"nhân công tâm sự gian h Địa"
317331685104220,""
1699526300334531,"saigon pm"
117378128624899,"sự kiện tập hợp thông tin buổi phí tham dự nhật liên hệ giải mọi"
1494651544163641,"học tập công nam hãy đăng ký tham dự hội cách kết đề động thành nhân nghiệp sinh viên cơ liên"
906526716092147,"giải việt chí minh sự kiện thể thành tổ chức chuyên nghiệp năng động đồng tiếp công liên kinh tham dự trình hãy quan diễn tin thông nhật tập buổi chủ đề đầu thời gian h Địa điểm viên gia trung tâm thứ dành giao hoặc vui"
684094101690679,""
1679693232317526,"chủ đề quan tâm biệt động hiện kết thành toàn thể hội điểm cách phát thực tế giải thức thế hệ triển chương trình tạo chức năng lý thời pm học Địa quận"
906260389439210,""
496036427268213,"kinh nghiệm chuyên gia bản tin thế giới tạo hình nhân thời gian h diễn văn sự hiện thực nguyễn trường dự nghiệp viên"
204623723202537,""
1097525770265879,"nghiệp tạo đầu trường học nguyễn thành động toàn tphcm thức tư kinh nghiệm năng thực viên giá thể công hãy đăng ký tham gia nhân sự cơ hội buổi quan tiếp kiện tập triển giới sinh chuyên giao"
1607843346160408,"tổ chức hội trường hàng chi tiết"
1634811676806312,"dành học sinh trung chủ đề hàng liên mang nhân văn giải hiện thực đầu quốc tế thành hội toàn thông thức quan hãy nhật tin"
910435195709879,"chúng tham gia sự kiện thứ nội chương trình tập biệt kết hợp phần động học viên thực hiện hãy đăng chi tiết thời gian tiếp Địa điểm việt nam phí thành thế giới lượng dụng phát triển trung tâm vietnam"
184997641682726,"sinh chương trình hội học hàng viên phát động điểm cơ thể hiện năng biệt"
1651077358490304,"vietnam"
1049885751717830,"saigon pm"
778725858916053,""
1481083745533238,"sự kiện biệt điểm lý dành chương trình giá hàng hệ"
1703998466479897,""
1526832960967465,"việt thứ tham gia chúng thể hiện hoặc thức phí"
1621002981483264,"tham gia thành viên nhân đồng tạo thực hiện kết nghiệp tập hợp hàng việt nam thức nghiệm chuyên động triển sự kiện tư tiếp chương trình thông tin quan trường học thế giới giá giao thời hội toàn gian trung thể mọi bản phát kinh tế công hình cách văn năng phần chủ lý cơ tổ chức phí dự nội chi tiết liên hệ đầu vui lòng"
493719907454733,"sự kiện hàng khách tham gia quan đề sinh toàn thực dụng thức lòng cách chuyên nghiệp nhân viên chi phí đầu thế lượng giải công lý mang chương trình hợp chí tư hiện giao kết kinh dự cơ hội chủ dành giới tài việt thông tin hình thời gian đăng ký tiết hoặc liên hệ"
1024496687595216,"chương trình triển việt nam kinh thông minh công trung tạo chuyên nghiệp năng tiếp dụng kết vietnam hãy liên hệ chúng hàng nhật bản viên toàn chí"
703531249746900,""
1691900327712119,"phát triển thể thành hội động buổi vui văn sinh nhật chúng chương trình diễn tham gia mọi"
739791859460625,""
939849736108849,"việt thể gia quốc thời lượng diễn viên sự nghiệp tham mang chủ đề"
451197695066678,""
631265380347638,"thời gian điểm giá"
1633057173615681,"pm bản thứ hội thành h chúng động cơ mang tập dụng"
521058938061840,"sự kiện tổ chức đầu saigon cơ hội giao hình nhân sinh nhật thứ giá phần dành"
1649497315327916,"công Địa tổ chức sự kiện giới hàng dự triển hợp phát khách cơ hội động chương trình buổi diễn giá dành tham thức biệt hãy đăng ký"
1482282252076913,"thời gian Địa điểm trung quận chương trình hàng nghiệp năng tiếp trường thực gia dụng nội công văn tham nhân mọi thành phần kinh tế thông tin liên hệ sự tphcm"
738541012946372,"tổ chức saigon nam quận hội đầu hiện tphcm lượng gian hàng đăng thức diễn hình h thể sự kiện thời Địa điểm"
714537595342870,"hàng thời gian chúng khách biệt chuyên quốc tập trung động năng tế sự đầu kết chương trình thể tổ chức mang hợp dành pm saigon"
1632599073621622,"thông tin việt điểm sự hiện chúng diễn phí dành trình hợp"
1715978725289059,""
1659170661026981,"trường công kinh tế học quốc gia"
175717846112495,"trường tạo khách quốc tế"
1219579281404698,"quan hệ hợp việt nam công đồng thời tạo cơ hội giao kinh nghiệp nhân chủ chi tphcm tổ chức buổi diễn"
921247657930940,"tham gia nghiệm h mọi phần chuyên nghiệp kết thành viên tập chí giải lý sự"
796693227022765,""
1595718864010301,"mọi tiếp biệt chúng tổ chức buổi h quận lượng tham gia gian cách thức nguyễn học quốc hàng tài chi chí minh vui lòng hoặc công viên động nhật"
1525581344429548,"cơ hội tiếp sinh trường thời gian thứ Địa điểm văn nguyễn minh nội chủ nhật học giá lượng thế giới hiện thành thể sự tổ chức viên quốc tế hàng chuyên mọi chương trình nhân tập đề đầu dự tạo kiện liên thông cách trung tâm kinh nghiệm năng biệt công quan lý phí toàn hoặc tài nghiệp khách gia giải dành đăng ký chi tin hệ tư tham"
149304538761869,"chi minh pm vietnam"
1521719851485619,"thể dành chương trình thông tin chi tiết thời gian đầu pm phí thức"
518441461667242,"pm"
927075350720723,"động thành tổ chức buổi sinh nhật chúng tphcm vui kết hợp hãy học biệt viên tham gia tạo năng phát tập thể thời trường tiếp gian thứ chủ Địa điểm phí thông tin chương trình ký"
890966060986998,"nội công sinh gia dụng quan"
441791196018550,"toàn quốc trường học trung nam tế chúng kết sự hiện hàng mang trình diễn"
955677217858409,"nhân gia chúng giá thành viên hội chương trình dụng đăng ký hàng giao thể dự tin"
393788524162895,"saigon"
623909384417183,"thành buổi biệt thông tin đăng lượng gian h điểm quận phần ký vui thể diễn dành chúng hãy tổ chức dự kết hàng công thời viên nguyễn liên hệ thứ chủ nhật"
1514772282153569,"vietnam"
1118925088119512,"saigon vietnam chi"
1536427273264603,"hội chí minh triển mang nguyễn văn trường nội công chúng đầu gian thành viên sự động thời diễn"
311755245655422,""
1624545187788362,"chương trình vui thành hãy chúng đồng trường học hiện sinh hàng sự hội thông tin dụng tập thời gian dự công viên phí h trung đầu saigon tiếp lòng nhật mọi chi tiết liên hệ"
643591252450462,"chương trình học viên toàn thức chuyên tài kết hợp năng hệ kinh nghiệm trường đầu tư thực tế quan chi tiết thời gian thứ chủ nhật dành sinh mọi thông tin vui lòng liên hoặc văn nguyễn chí minh trung tâm tạo"
1094343180578474,"sinh nhật thứ tổ chức tham gia liên hệ trung thời Địa điểm nguyễn chí giá hình học buổi phần nam dành tâm phí thể giao tiếp h tài chi vui lòng biệt đầu"
1813491758875082,""
569504093201752,""
1640299296249931,""
993550154026187,"chương trình giải kết hợp sự kiện biệt saigon dành việt nam sinh tài thời bản hiện nhân chúng tổ chức tham dự h văn liên chủ giao gian"
137020169988345,"chương trình kinh nghiệm nam phần tham gia sự kiện mọi nhân chủ đề thể giá buổi saigon phí đăng ký cách hoặc kết giao công học quốc giải tổ chức việt"
1077965492215167,"chúng tiếp vui mang phần chương trình diễn dự thời gian đầu h chủ nhật phát Địa điểm tập trung gia tâm mọi chi tiết liên hệ thông tài văn hoặc sự quan"
929799053767763,""
1573780222895939,"động đồng thông chương trình giá dụng tài năng dành học sinh chuyên quốc gia tham hội kết nhân tổ chức"
1016313698389610,"saigon"
818042981641643,"điểm trình hội chúng giới việt nam trung quốc gian sự thể đầu tổ tham gia lượng thành viên nội chi tiết công khách tập kết thông h tiếp sinh trường quan tin đăng ký chương phí mọi đồng chủ tài vui lòng phát thời hợp toàn hình"
1502326910082235,"gia tổ chức chương trình thứ thời gian dự nhân tham vui lòng liên hệ lý đăng ký thành"
461298460744205,"tổ chức thành công tiếp thể cách thức tham gia hình đầu trường hợp tài thời gian thứ hàng dự biệt quốc giới lượng kết đăng ký thực quận chí minh Địa điểm hội thông tin giải giá"
1636273333309339,"pm"
361826890689198,"nhân hợp khách chương trình mang cơ hội biệt giá toàn dụng kiện thời gian chí hàng tiếp dành hoặc hệ tổ chức sự thể nội thành tham dự cách thức vui lòng tin chi nguyễn thông"
1521068511540029,"vietnam pm saigon chi minh"
883542348401279,"giới chi tiết học viên giải liên quan nghiệp phát triển tư đầu giá phí biệt thời gian tạo thể buổi hiện lượng nhân diễn tin dụng công tphcm năng chuyên"
439107936255724,"thông kinh quan lượng nhân viên hình công toàn thời gian chí minh cơ bản hợp đồng giao tin tiếp khách hàng năng thực hiện ký kết tư trình phát triển liên thế nghiệp trung lý động học thức nghiệm kiện thành tham gia giá sinh nhật phần nguyễn tphcm hệ vui lòng"
1017645984963730,"động sinh mang vui đồng thực chương trình sự lòng nhân hội hợp Địa việt nam phát dự kinh phí tài nguyễn mọi thông tin công nhật tổ chức"
939497092798943,"mọi chi tiết liên hệ hoặc mang nhân thể tham gia tâm giới minh dự phần phát thực giao công tạo hãy"
1491009331203182,"buổi giao tập trường tphcm sinh viên kết hợp công tổ chức học gian điểm hội h nội nhân việt nam thành văn phát triển phần nhật bản đăng hãy tham gia"
192597301083272,""
1661429304135978,"tổ chức thời gian sinh nhật buổi dành thể hình thành phần tiếp giá h Địa điểm quận tphcm lượng cách nguyễn liên hệ viên tài hàng chi tham gia"
743012149176424,"nội học động thời gian tiếp đầu thức thực ký mang bản lý buổi giới phí quận tphcm viên kết giá thông tin chi tiết vui lòng văn trung tâm việt nam giao cơ nhân công chuyên liên"
1181828128499301,"chương trình đồng dự gia thực hiện tạo phát triển năng hợp công sự kiện nội chi tiết thời toàn thể giải lòng tin nhân cách đề thế diễn chuyên nguyễn gian h thứ Địa điểm văn tphcm giá phí tham ký đăng lượng giới tổ chức hoặc"
1233002830058921,""
942354169169687,"saigon biệt công đầu mang toàn bản thời hợp liên sự động vui tạo thể dụng hiện mọi thứ tư gian thực trình diễn điểm"
758846707577663,"pm saigon vietnam nam"
1643527149195696,""
1233837203309392,"vietnam"
857622540975972,"triển quốc tế thứ tổ chức trung tâm hội nguyễn văn quận giá lượng giao liên công hợp việt nam hình kiện năng tiết trường gian sự thể hiện phát nghiệp thời động chương trình khách tham quan gia thế dụng thành học sinh chủ chí điểm tập nội hoặc diễn mọi đồng tài cách đầu tư"
916219201805250,"động saigon cơ hội thức liên quan trình phát triển dụng mọi tham gia giải công buổi diễn pm thứ quận"
1222058461147926,"học chương trình năng thông minh nguyễn nam sự sinh viên tiếp biệt toàn phí nội giải hình chúng thực thể giao cách động thế buổi tạo tư đầu diễn phát hội công hợp tiết thời gian thành dụng hàng vui cơ điểm đăng ký tham gia"
533649503465344,""
1642610872682544,"pm chi minh"
1522441931403370,"hàng giới thực khách diễn thứ cơ hội thức thế kết hợp đầu nghiệm nhân gian thành vui lòng"
466364126896947,"saigon"
738555442944145,"động năng kinh tế việt nam sự dự giao thông thành biệt hệ chí minh hàng công hội chủ đề tổ chức khách saigon tập trung chuyên gia phát triển đầu tư đồng tham toàn trường cơ mang thời gian Địa điểm quận phần kết chi phí giá đăng ký dành kiện giới lý tài tin tiết"
780757758717315,"vietnam"
944906258916704,""
1640423019530882,"học liên h buổi Địa điểm nghiệp thực hiện đồng chi phí kiện toàn nội lý nhân công động viên chuyên gia tư hợp trình văn bản giải quan dụng sự thế tế tiết năng thành"
471985069655963,""
641561649280745,""
957690017644113,"thành kinh khách chức sự viên kết toàn nội tâm gia liên tiếp công thời gian tin thể thế thức chuyên hàng thực học tổ biệt hiện chúng hợp hoặc lý nhân động hãy đăng ký chi tiết h Địa điểm quốc giá việt nam dụng tư hội triển cách đầu"
1672166549701268,"chúng chương trình hình thực tế lòng sự nhật nội hàng thể thế nhân giải thành chí minh tập nam tổ chức buổi giao cách quan điểm đề kiện hiện thông tin chi tiết thời gian h thứ Địa văn công dành đăng ký"
980751665296335,"tạo công thành nghiệp đề hình hợp quan hệ động dụng chuyên gia tiếp phát triển giới năng giao học quốc tphcm chủ hoặc thực hiện kết chương trình dự việt hàng thế nam vietnam tổ chức"
609445715860145,"nhân đề chúng đầu hiện cơ thể tâm thành chủ chuyên gia thế giới việt nam học nghiệm thứ năng lượng thông tin thời gian tư Địa điểm văn quận phí biệt đăng nguyễn tài"
181005068915906,""
1516210642033578,"pm saigon"
972722572770017,"saigon pm"
1059847834033875,"thời gian thông tin hiện tâm giao cách sinh học động liên quan sự kinh nghiệm thực biệt lý chúng giải cơ hội phát triển mang tiếp điểm thể thức nhân viên buổi h hình thế giới bản năng hoặc văn chí minh tập tham gia tổ chức khách hàng đăng ký kết nguyễn thứ Địa quận phí tiết dành vui lòng tài nội tạo công phần tư dự đầu việt nam hệ chương trình dụng chuyên trung giá chủ đề chi"
1714914705410262,"diễn tư kinh quốc cơ hội giao tế nhật tin hình phát triển tiếp thông nghiệp chủ việt nam lý chi tiết chương trình phí tham dự vui lòng liên hệ"
1709634665938326,"saigon cách trình thế chương đầu h"
886398668123104,"giải chí minh phí tiếp nhật"
344774822319519,"gia"
1674692909412629,""
758027511009337,"cách nhân thành trường việt nam"
505817212923414,"chương trình nguyễn nhân thời cách diễn gian h thứ Địa điểm hội trường bản lý tphcm tham dự"
520820201413981,"chi minh saigon vietnam pm"
893606694056340,"sinh viên tạo kiện học trường công tphcm sự kết thế hệ thành liên gian thời h Địa điểm tham tiếp đề đăng ký"
125122597852220,"chi minh h"
535978726569411,"mọi học phát triển chí trường sinh viên thành toàn thế giới công dụng diễn h chủ nhật tphcm Địa quận nội thể đăng ký hoặc tin tham gia"
503013489880764,"nhân thành tạo cơ hội tham gia học quan tâm chúng dành thể sinh viên phí năng bản dụng tài hình cách đầu tư công kinh nghiệm hệ thức quốc tế thông tin giá dự chi nghiệp lý chuyên điểm hiện tiết"
448681385319878,"saigon cơ hội chúng tiếp thức thể"
1519010425083454,"Địa điểm thành thời gian giá trường mang trung đầu phát triển toàn thế giới cách mọi hiện chúng buổi tập hợp tạo thể bản kết tổ chức saigon chuyên vui hội thức đồng phần dành nhân nội chương trình diễn tiết đăng ký nam sự hoặc chủ đề hãy hình"
920532884705447,"quan hình chúng lý thực hiện bản năng tạo kết mọi thế thể hãy vietnam vui sự đăng thông tin thời gian Địa điểm trung tâm công nguyễn tphcm phí tham dự"
1649574428587670,"vietnam saigon pm"
1717523641810371,"nhân việt nam saigon đồng trường thời gian thể tham dự tổ chức buổi diễn hiện lòng sự nghiệp thông tin h thứ Địa điểm hàng nhật nguyễn văn quận tiếp cách vui đăng ký thức"
963826993656703,"sự kiện diễn thế cách thức kết thành viên công thông động tham quan tổ chức chí minh giải đề thể phần gia đồng hàng quận nghiệm chương trình lý nhân phí chi vui lòng đăng ký mọi liên hệ hoặc"
1220030118104373,"cơ hội sinh sự thế giới nhân gia thứ tài gian hàng biệt dành giá nguyễn tâm thể tin hoặc phần"
863818937066030,"saigon pm"
846947242093547,""
497540377073623,""
541361516018697,"saigon pm"
136599536699616,"học trường tư hàng đầu giá phí chương trình nhân dành thành thông tin công hợp chủ nhật nguyễn tphcm lý kết tập năng hoặc động thể thực hiện vui lòng đăng tham dự hội liên thế giới việt nam tạo văn tổ nội quận"
1420029494955927,"thông tin hãy thành sinh nhật tham gia hội giá phần mọi chi tiết"
455637751283813,"tin bản biệt cách tham gia phát thông dụng năng hội học chủ đề ký gian pm thứ hàng điểm trung văn chương trình giao tiếp dành hoặc thể tâm thời trường vui giải đồng mọi lòng liên hệ"
899315940118243,"cơ công viên mang sinh chi liên"
622805614525410,"chi minh saigon vietnam pm"
165288087155118,""
1537877016467620,"saigon"
1528507317470530,"saigon h"
134204513609045,"ký tham dự hội sự chuyên gia hàng đầu thế giới tư tài cơ phần giá thông tin liên hệ"
1163434467004393,"pm"
543655185782549,"vietnam"
407571132769856,"thực nhật bản buổi sinh tài công thức điểm vui động cách tiếp diễn khách hàng giao chí quan hãy tham dự tạo hệ thành viên chủ"
185859111756213,""
1642038106013042,"thứ nội trường văn học công thông đăng ký phí vui lòng đầu dụng tập cơ bản liên hệ chủ tài nguyễn hàng quốc"
1495643027398937,"việt nam giao thành chí minh diễn phần sinh nội thức đầu công chương trình sự tham gia quốc tế tài năng hợp tiếp thực hiện tập nhân bản mang kết biệt thời gian h Địa điểm trường giá dành viên liên hệ"
918811078168615,"gia giá việt nam chúng học dụng minh nhật tphcm quan hệ gian tài sự nghiệp nhân tham dự phí chương trình hãy đăng ký hoặc tin hội trường"
1557137024539335,"thông tin thế tổ chức sự kiện mọi hợp nhật thể tham gia hình"
430795103770759,"đầu việt nam cơ hội thức nghiệm quốc gia thế giới dự công tổ chức sự kiện biệt nhân thành nội chí minh văn thực thời gian Địa điểm khách hệ hàng quan chi giá vietnam h"
545198285638570,"sự kiện mang nghiệm lượng quốc tế chúng công diễn gian tổ chức việt nam tạo tài năng thế giới điểm chương trình thời đồng thức buổi vietnam pm"
1525089304475624,"toàn"
1513489878975889,"vietnam"
985219994862772,""
1728490300705380,"tập trung sự thành công dự lý đề dụng quốc tế"
199405303727652,"đầu động lòng thành bản sự kết hợp thể dành năng diễn buổi thế giới hãy tham gia chương trình pm tin thời gian thứ kinh hình học nhật văn hiện tập trung toàn"
1628495450764448,""
1696580997242512,"kết thể đầu tổ chức thành mang sinh viên tài toàn tphcm sự tham gia trường học cơ hội hàng dự kinh tế tư hãy quan tâm nghiệm tin bản năng thức thế phần diễn gian h cách đăng ký phí"
986720544699750,""
1505314403101681,"quan nhân sự hệ tổ chức thế công lý giải chuyên tham gia tạo viên điểm tư phát triển hàng động tâm toàn tin thông thành vui thực năng chí thể dự chương trình nghiệp chúng gian học chủ nhật thời h lượng kết nam quận chi phí tài mọi tiết lòng liên"
697751497029151,"chủ đề"
1507873426195346,""
1022795431076237,"saigon"
958954417448605,"vietnam chi minh saigon hội việt nam tham dự sự kiện quốc tế triển thành thời gian Địa điểm chí trường nguyễn quận khách công thông tin nhật"
427718597425292,"chi minh chúng tổ chức vui phần trung tâm sinh động viên tham gia chương trình lòng cách chí"
909977732412511,"tập trung sự thành công dự lý đề dụng quốc tế"
1518755158444609,"chương trình tạo thời gian h thứ tư thức năng toàn lý hàng chuyên nghiệp hệ tổ chức công học thực kinh trường hiện giao phát triển nhân viên động giá dụng giới hình gia chủ việt nam tập đề tham tài hội phí văn tphcm tâm Địa quận"
1269087456450623,"thứ tổ chức buổi học phí mọi thực sự đồng phát đầu chúng thế biệt tham gia hãy thể"
1483723631934208,"thế giới buổi diễn mọi thời thể tâm chúng việt nam vietnam"
191603491180441,"chương trình tổ chức thứ hình thức hàng thành đồng dự thời gian tiếp sự viên học tạo lòng thể công kinh phí thông giao chủ đề nhân giới hiện văn trung tâm thực hợp mang nguyễn phần thế hệ khách điểm h Địa quận giá toàn tài chí minh biệt đầu việt nam hội tế quốc nghiệp trường quan sinh năng tư tập động mọi chi tiết vui liên tphcm"
1048580948520263,"Địa điểm quận thời gian pm tham gia đầu giá vui buổi sự hàng thức thể hiện chuyên dụng thành hình giải saigon phần hãy dự"
196339154035041,""
517006541812237,"saigon vietnam pm"
1617910321803458,""
1647685948816343,"năng cách bản hãy việt tham gia h thời gian"
625905840883347,"thành thứ đầu điểm toàn tạo động chủ nhân dụng thể hiện năng tâm buổi diễn mang thế giá chương trình pm phí tin công lý phát triển tập trung tế dành bản"
142608832761191,""
411775655692658,"chi minh vietnam"
446205618897286,"hội học toàn tổ chức thực hiện quốc gia trường hàng đầu giá thông tin đăng ký sự kiện dành nghiệp khách hoặc sinh viên kinh"
1520378681616309,"vietnam chi minh saigon"
1517636418547610,"thành viên chúng vui thông đầu đăng ký tham gia tổ chức chủ nhật quận thứ tphcm đồng thể hội nghiệp hàng sự thế biệt công trường học nhân hoặc hãy lòng tâm hình thức giá cách kiện phát tin mang dự điểm văn khách quốc tế hệ nguyễn chi tiết saigon"
557425051079579,"saigon chi minh"
189465291389771,"nhân chương việt nam công nhật tổ chức văn chủ đề cơ hội học viên toàn thể hiện tài năng giao thời gian tập hãy tham dự tiết khách"
420322011496986,"chi minh saigon pm"
1676855795934448,""
537888643030709,"giao học tạo kết thành công trung sinh chí minh tổ chức"
1524383694550949,"quốc gia hàng đầu tạo phát triển khách điểm sinh viên việt nam thể học hợp trường tổ chức buổi đề chương trình cơ hội nghiệp quan tâm hiện chuyên thời gian Địa quận tphcm mang thông tin giá phần sự ký tham mọi chi tiết liên hệ nguyễn vietnam"
1654600748150652,"sự tin bản điểm học năng giao tiếp buổi phát đăng ký kiện đầu viên thành mọi liên hệ"
742380505895733,"buổi hội trung tâm thể hình tổ chức sự hợp hàng thức thực cách tập đầu hiện thời điểm tư thế biệt chuyên viên kinh đồng nghiệm tham gia năng động giới phần lượng phí hãy thông tin liên hệ gian"
1162044413810114,"saigon"
1631310107158147,"saigon sự kiện tổ chức thứ dành động quốc tế việt nam trình diễn giới cách năng tham dự mang chủ đề hàng"
111872519182102,"saigon nguyễn thành"
199849900347668,"nguyễn vietnam"
1723582064530645,"hình sinh nhật cơ nam buổi hội vui thể biệt mang tham gia nội đầu hãy"
1560166957556972,"học mang cách thể cơ bản lượng đồng thời công hàng đầu sinh viên thực hiện đề tài nghiệp tham gia giá buổi h hợp quan hình nhân giới dự gian thông dụng chi tiết"
631984013611089,"chi minh"
423850587821938,"sinh gia hàng sự thành công bản dự tham thực tế cách mang tiếp thế giới nội tâm hợp thức mọi thứ giá cơ hội buổi biệt chúng kết nghiệm giao năng hình trình tạo quan hệ hãy học tập phát triển liên thời gian động thông tin Địa quận phí lượng"
1478733555721515,""
157307111289538,"hội quốc chủ đề nam vietnam chương trình giao kết văn thể thực đồng việt nội tế thời gian thứ nhật Địa điểm tphcm tổ chức tham gia phí"
1015853445139298,"chi minh saigon vietnam pm"
592124860905156,"tphcm giá chí minh quốc hình thế gia toàn sinh văn khách hoặc chủ thể cách đầu hội sự kiện chuyên thông tin mọi chi tiết vui lòng liên hệ"
945572608838012,"chi minh vietnam gia saigon pm"
1642191769376008,"vietnam chi minh"
795736280537475,""
570911803060678,"liên tiếp saigon tin thứ thức thể"
985906324765664,""
1930019240555872,"tham gia"
749973298425444,""
492765987567572,""
433643840174870,""
1691219434441644,"nam lòng thực tạo động công thế sự kiện phát hàng phần chương trình tiếp thức thành tâm việt chúng nhân giá mang tập sinh viên cơ học liên hệ hoặc quận thời gian h Địa điểm chí minh"
1667371076875337,"thời gian Địa điểm học tham gia sinh viên trường trung ký h nam phần đồng thức thực động thể hội công liên hợp quốc thứ diễn sự kiện mang toàn tế giới tài phát triển nghiệm cách đăng dự giải cơ thế quan đầu đề kết khách quận thành chí minh nhân hiện việt tổ chức thông giao tiếp chúng tin hệ tâm tập"
489692841197214,"tphcm văn chương diễn triển gia nguyễn giới quốc đầu hội ký dự biệt"
1626927544222999,"dành chương trình giao kết"
913202995427226,"tạo thành công nhân sự thể nhật tphcm cơ hội giới kết mọi liên"
431581403704434,"minh"
735077243302720,""
1659631944249503,"vietnam gia kết nguyễn chi minh"
914116092001142,"sinh viên phát triển bản tin dụng nghiệp thông hội chúng mang kinh nghiệm thế hệ học chuyên gia động giải đề tiếp cơ thực tế tham quan giao tphcm quốc dự dành toàn công việt nam thành thời gian h Địa điểm trường quận tổ chức sự nguyễn tạo đầu tư chủ"
478185015694131,"pm vietnam saigon"
1641444309454295,""
165164663837984,"tập quận giá liên hệ tư"
796359963823801,"saigon pm"
745423882251661,"saigon"
994105733994799,"trung tâm phát triển đồng tổ chức tham dự buổi chủ đề động tphcm công thực hiện kết thời gian h thứ tư Địa điểm nguyễn ký trình chi hội"
141783372845728,"pm"
1654326954816284,"quan kinh"
1492874717709061,"biệt thành viên kết hợp nội chương trình tập trường chúng thời gian điểm h chủ nhật phát tư hàng bản chi phí"
877417562306505,"nam minh thời gian Địa điểm trung tâm triển hội văn quận tổ chức công việt nghiệp hàng liên hệ cơ động toàn phát giải tiết đồng gia thực thức tư dụng"
979805182080949,"thành buổi đăng ký tham dự kiện cách chí minh đầu h chủ nhật tiếp học dụng viên điểm quận"
185119101830875,"động trường nghiệp hàng giới hợp đề giao tin cách thức kiện chúng saigon tổ chức buổi chủ kinh nghiệm phần tham gia hoặc quan tâm nguyễn quận tphcm thứ phí tài thông công nhật chi thể vui lòng nội"
928651557224644,"h thứ hội trường tiết chi tổ chức tiếp kết tạo sinh viên thể hiện tài năng bản kiện phát triển diễn học công nghiệp tphcm hãy chúng"
322719451185700,"hội cơ chúng việt nam gia biệt chủ đề năng nghiệp thức hợp nhân lý"
904360302946503,"hội nghiệp chuyên hàng khách vietnam triển chương trình phát hệ nhân việt nam sự tổ chức đầu hợp trường học chí minh dự tham sinh viên thành thời gian Địa điểm nguyễn tphcm nội cơ gia tập công hiện tiếp dụng đề lý giá tài năng vui lòng liên thông tin chi tiết động cách thức đăng ký dành chúng nhật"
500423840117190,""
114129678945593,"pm saigon"
715990218523326,"cơ hội vui lòng thực hiện tham gia chương trình sự kiện đăng ký thông tin lượng dụng liên hệ mọi"
1388442324796856,"tiếp thành công học tổ chức phí viên đăng tphcm gian chủ nhật hội trường nguyễn văn quận chúng tham dự gia vui lòng lượng điểm thức tài thông tin"
1640326062879659,"sự kiện đầu tổ chức tphcm hiện động diễn chuyên nghiệp việt nam biệt nhật bản thể gian hàng hội triển liên thông tin hãy"
1075252359181865,"vietnam chi minh"
687073791393597,"saigon"
505404526303554,"trình dành nhật thức h thứ tư tphcm học viên gia nam kinh trung khách saigon vui lòng thông tin chi tiết chương gian chúng đăng ký cơ hội buổi bản thời thực toàn thể thành dụng nghiệm tạo chủ hình nghiệp mọi hàng hoặc kiện tham đầu đề nội mang phí lượng biệt quận nhân tài việt liên phần diễn lý công động chuyên sự tiếp hiện giao Địa điểm cách"
1633215753600006,""
1913467532211684,"tế cách học thể chúng hãy"
1653481344921139,"trung tâm giao văn nhật bản việt nam giới chương trình liên diễn chí minh nội sự kiện lượng hàng phát thời gian lòng mang chủ đề gia ký toàn phí điểm đầu thành thứ Địa tphcm mọi thông tin hệ quốc vietnam chi"
931046223653785,"thể học nghiệm chương trình thời gian h thứ Địa điểm tphcm tiết sự kết hợp đăng ký hoặc tin tham gia nội"
147114455645070,"đồng tạo chương trình thể hoặc sinh viên tiếp học nhân điểm trường hãy tiết hợp việt nam hội tphcm văn chi quận"
184444461897531,"h"
1195426057139585,""
944752558928290,"quan tâm gia bản giải đề thực sự động đồng việt nam giá chúng học dụng hãy dành kiện tổ chức chủ nhật quận tphcm khách nội tham dự phí đăng ký hoặc tin chương trình"
1651946085088278,"gia buổi hàng saigon thứ thức việt giới"
690716074397661,"pm"
921743211214812,"saigon"
923272477722495,"h saigon"
635731223198422,""
530966487077466,"tiếp thành công đầu vietnam chúng thực hiện thứ chủ đề diễn giá tham dự ký thức chương trình tổ chức sinh viên việt nam động toàn chi phí nội mang hãy thông tin mọi thế"
1650760668536515,"vietnam chi minh trung"
892525794172238,"tham gia chương trình hãy tiếp sinh trường học hàng đầu tạo thông tin quốc hợp nghiệp triển tế tổ chức chí minh vietnam viên dự thứ saigon quận giá dành khách tài chuyên hội kết kinh nghiệm quan tâm thế giới chi tiết vui lòng liên hệ việt nam văn nội"
1630899993845932,"cơ hội chương trình học tập dự tiếp nhật bản thông tin trường tham thành công"
463742797039474,"chủ thể kiện năng lý chuyên hợp kinh tế biệt đề thành viên sinh hội tham gia"
750748281714728,""
866111476835677,"tổ chức tạo phần đầu tư trung tâm đăng học viên ký kiện tham dự kinh nghiệm thời lượng buổi Địa điểm nguyễn minh gian h thứ chủ nhật phí thức"
1648912038721600,"pm"
1100199796676321,"saigon"
1643243845945814,"thời gian h thứ Địa điểm trung nguyễn quận tphcm vietnam chi phí bản việt đăng ký tham gia cách"
1489867771318674,"động mọi tổ chức phát cơ điểm lượng phần tham gia vui lòng đăng ký trung chí minh dụng thể hoặc giá thời gian tập thông"
449208315279813,"vietnam"
1468796560095962,"saigon"
1862289050664286,"saigon giới thế kết cách tạo sự đầu biệt tập trung phát triển tài năng thời điểm trường nghiệm tham gia hợp trình diễn thành gian quốc tế tiếp viên giải dự toàn động dụng hình kinh hiện"
531123497045760,""
1539218623005421,"hãy saigon buổi năng lượng chúng tạo đồng điểm vui giải thể giao kết giá thức hoặc trình diễn chương dành phí tiếp nghiệm đầu thời gian pm Địa quan"
1006126902778254,""
1479367552373148,"pm"
571688909651350,"saigon pm"
922971211103579,"saigon pm vietnam"
189292908073143,"hàng chương trình gian h chủ nhật quận tphcm đồng minh tâm sự kiện nhân văn mọi thể hợp viên lòng hội buổi giao kết chúng tài thông giá thực hiện gia học thời dự giới tiếp tổ chức khách vui liên hệ nguyễn chí tin"
772348176227890,"chi minh"
931755086907392,"minh"
1542894519335025,"chi minh saigon vietnam pm"
925268004218508,"giới pm thứ khách biệt thức hoặc cơ hội thông tin"
367323636758059,"tphcm nghiệp"
1654656524793572,"công vietnam khách hàng tham dự buổi tư tiếp Địa quận ký vui lòng đăng"
475090992616222,"chi minh vietnam"
1676521435919011,"saigon"
587786681361995,"nam tham gia"
867754930012766,"chương trình hội chi tổ chức chúng khách hàng thức mang bản sự nhân sinh viên học tập thành"
321142341389788,"tham gia thành chương trình học việt thế hệ viên thời gian vui sự nghiệp diễn hãy kết chúng giải thể nhân tập hình hoặc tổ chức chí công tphcm"
1713200985567912,"liên văn sinh nhật tổ chức h chủ Địa điểm nam đăng ký tiết giao chương trình"
1631223837143296,"h"
171696766513692,"cách tphcm giới thành hình đồng trường công hàng phần chủ nghiệp lượng mọi thứ hiện toàn mang vui tạo tổ chức chương trình thời gian h thể đăng phát dụng học tập sinh văn buổi năng tham gia chi dự dành kinh hoặc sự tiếp tài lòng tin thông nhật liên hệ quận nguyễn hãy tâm kiện"
614073462063699,"học sinh tham dự buổi tiếp thời gian h Địa điểm văn nguyễn quận tphcm đăng ký viên cơ trường tạo năng thực bản cách trình đề sự tin giao chương thông tư dụng nghiệp thể việt nam giá liên đầu thứ toàn thế giới đồng thành hiện tài công hoặc hàng quốc tế lòng lượng tổ chức chi"
729294240471925,""
182401922107555,"quan chương năng học tập cách chúng tiếp thông tin động trường viên khách hàng thể minh kết hình hoặc hãy lý tạo phát triển công trình giải đề việt nam thức tài tổ chức nội thành biệt mang toàn vui thời gian trung diễn tư hợp chi"
1051599734892435,""
424468137738057,"nội chương trình ký tham gia hội nhân sự việt nam giá tài kiện chủ đề chuyên động dành khách dự nguyễn quận quan triển giải hình thức đăng thời nghiệp gian hàng"
926958700717655,"saigon việt nam"
406829072835666,"hội quốc tế việt nam thứ thành chí minh vietnam chi công tổ chức đồng thời triển kiện trung tâm nguyễn văn quận quan nghiệp biệt gian hàng gia nhật bản tạo cơ hợp kinh thế giới phát chuyên liên tiếp động trình dụng thể hiện trường tiết năng lượng phí thông sự chúng đầu tư kết hệ giao tham thực mọi nghiệm lòng dự khách"
1519232068389259,"năng cơ hội thể hiện bản hãy trình diễn động phần giải tham gia chương"
1708577069371002,"thể hiện bản thời gian"
1521978201451195,""
592475197557492,"tiết chi phí thế tham gia chúng thời gian Địa điểm trường động giao h toàn liên hệ"
546487338833694,""
1124651970893393,"thời gian nội đăng"
523399524503134,"gian học thứ chủ nhật thời lượng kết nam quận chí minh chi phí tài viên mọi thông tin tiết vui lòng liên hệ phát triển kinh nghiệp nhân trường tạo việt quan tâm đầu trình sự thực chuyên hiện dụng lý nghiệm giải gia chương mang công tập hàng thế giới động khách giá thành tổ chức năng"
407965239373341,"chi minh vietnam"
1075900679094831,"chi minh saigon vietnam pm"
1523121838001924,"chủ sự thứ dành mang năng phát triển tế lượng thể diễn minh buổi biệt chương trình đầu pm"
1658388237753858,"việt saigon pm giao văn chúng quốc gia mọi tiếp hàng quan hệ thực tham thế hãy đầu cơ bản sự kiện phí dự khách biệt thức h thể thông tin diễn giới thứ"
1749003568652441,"thành viên hợp kinh thể đồng liên hệ tư"
918815728153625,"thức công trường việt nam"
1642998415970980,"vietnam pm"
712009595602015,"mang điểm cách thức dụng giải liên quan hệ bản dành tổ chức buổi h chương trình nghiệm toàn phí nội nguyễn quận chí minh văn biệt khách hàng tham gia giá đồng thông tin chi tiết"
1722593361302843,"dành bản hãy tham gia sự kiện học chúng nghiệm thể mang thức Địa điểm saigon nguyễn văn quận chí minh thời gian thứ dự chi phí đăng lượng"
1049794151708209,"tạo hàng đầu thế giới phần tiếp thông năng hoặc bản tin hợp thức thực động sự hãy tâm trình chúng tế chuyên gia kinh nghiệm lý nghiệp hội nam buổi toàn biệt công dụng tư học nhân kết mang viên hiện tài phát triển khách đồng kiện diễn thứ gian Địa điểm nguyễn văn quận ký tổ chức"
631160783635286,"chuyên giá hàng công tphcm toàn quốc thế hội động khách văn thể hình tập chí minh hãy tâm lượng trường mọi chi tiết vui lòng liên hệ"
727351294066130,"kết hợp hiện viên trường văn tphcm chủ quận sinh học thứ thế hệ cách dụng công đồng gian tiết hàng dự đăng giá phí thể mọi liên nguyễn tham nội tài chi thông"
816406775135427,"công Địa tổ chức sự kiện giới hàng dự triển hợp phát khách cơ hội động chương trình buổi diễn giá dành tham thức biệt hãy đăng ký"
1002359466476664,""
1014810091916125,"tập trung sự thành công dự lý đề dụng quốc tế"
1509742802677307,"quan tâm hàng đầu nghiệp tiếp thời gian giao chi phí thức hiện thể khách cách hợp lý giải đề công chuyên gia học thông tin tiết"
1041164115934282,"sinh nhật thành viên liên kết hợp tổ chức buổi biệt chúng nhân thể giao thông tin thức thời gian h chủ Địa điểm hội trường nguyễn minh quận chí giá tham dự đồng mang gia phần cơ dành đăng ký chi tiết mọi hệ cách tiếp"
963246437103211,"thứ sự kiện gia hàng động"
524628811027230,"học liên h buổi Địa điểm viên lý nghiệp năng hợp toàn kết tài quan hệ giải trình hàng dụng thực hiện dự chi phí thông tư giá gia phát sinh công nội thành tiết động hình kinh trường"
963139843743501,""
1639524949632281,""
423555677848446,"tham gia giải đăng ký hoặc sự kiện động phần hàng tổ chức học phát triển nhân dự thực tạo thành viên bản công thông tin lượng việt nam năng quan thế hãy thể"
326413324149212,"tập tạo hàng khách đầu thế giới trường lý chương trình lượng kinh nghiệm giá sinh hợp học tư thực trung điểm dụng nghiệp viên quan tâm hội thông tin kết mọi chí minh dành thời gian thứ Địa nhân quận chi tiết tham dự hoặc tiếp phí cơ kiện"
902310349847187,"saigon vietnam"
947821865304797,"thông tin chi tiết diễn liên phát nội nguyễn học trung tâm văn tphcm thành"
785083881617402,"saigon vietnam chi minh pm"
483455978483118,"nhân sinh nhật buổi dành phí đồng Địa h lượng phát tiếp tham gia"
1676106492658615,"vietnam chi minh"
506193636215894,"sinh minh thời gian Địa điểm công viên tập trung chúng tham gia dụng tâm mọi hoặc nhật buổi động thông"
964558963605182,"nghiệm giải thực tế cách tư phí chuyên gia nguyễn quốc diễn viên minh trung tâm thứ chủ nhật"
974436035949153,"pm chi minh vietnam saigon"
491548331013231,"saigon"
405973212925585,"chi minh vietnam gia saigon pm"
1733682646859766,"thức tin tạo hợp sự hãy mang toàn trường tham gia kinh tế chuyên tài hàng năng lý trình chúng nghiệm hệ nội giao đề nhân phần kết điểm thời gian chương chủ giải đồng giá học giới công tư trung tâm nghiệp việt thể thông chi tiết cơ văn nguyễn hoặc dụng mọi vui lòng liên"
394713817404679,"học buổi thứ lý bản sự kiện thực quan hệ hoặc năng lượng dành sinh thời gian đầu thể tham gia chi phí đăng ký giao"
103780789985311,"nội bản lý toàn thông chi phí h"
1033124196708995,"chủ đề sinh diễn thời gian h thứ hình thức gia"
905689322853637,"tiếp chương trình gia hàng dự tổ chức h tập trung thể thành công phần phát thông chúng sự viên tâm hãy động giá liên tham tài vietnam"
758281127610735,"kinh liên quan biệt sinh giới mọi lượng hiện chương trình phát tiếp thứ hàng đề tâm cách kết"
558200800993681,""
505632049618301,""
429444030594966,"mang sinh viên buổi hội trường quốc tế kinh nghiệm lượng tạo giá cơ thành chương trình học liên thông dành kiện hoặc biệt bản khách hàng công thực tập hãy tham gia diễn thời gian pm Địa điểm văn việt nam quận vui lòng đăng"
1640768362814765,"ký tham gia hội việt nam sự dành giao trình chuyên trường chúng kinh nghiệm toàn đầu tư phần tổ chức cách lý tạo thế giới hình động giá phát triển học năng cơ giải tài phí lượng đăng thời gian pm Địa điểm khách nội bản thông kết mọi chi tiết liên hệ"
736325763177454,"phát hiện công thức biệt dụng dành hãy tham gia sự kiện học chúng giải bản mang cách đăng vui lượng dự giới phí thực thời gian thứ Địa điểm saigon nguyễn văn quận chí minh"
1164280260255705,"hình thực tế đầu lý hàng dụng giá thứ nguyễn công quận mọi tham kết biệt hãy gian"
468976873302611,""
502091833300263,""
621984551194427,"công chi tiết nhân dụng biệt kinh thể hiện sự dành giới giá tế mang cách"
1653688341538912,""
398686067005910,"việt saigon pm chi minh vietnam giới thứ thành điểm đồng nam khách diễn động trung tâm quận hàng chúng h tạo sự kiện bản thế giải dành cách vui công giá lòng tế thức biệt phí thể gian thực đầu quốc liên chí thông tin tiết"
617788491694733,"saigon vietnam pm"
2147949678679083,"đầu hội động mang vietnam tổ chức diễn hàng dành toàn hãy tham gia sự kiện trường giao gian thời hình việt nam nguyễn tâm nhật nghiệm thông tin đồng năng lượng tạo phí bản thể giới thứ tư Địa điểm thành quận tphcm giá tiếp học hoặc tập trung chi minh"
931978370186855,"chương trình sự thực tế triển công hội viên chủ đề nhân tham gia nội giải tổ chức thế dành đăng ký thành hoặc khách hợp văn thời lượng cách thức hàng hiện gian h thứ Địa điểm"
728667207277026,"thành động phát triển đồng việt nam tạo kiện viên giao kết tổ chức buổi lý quận thể tham gia thông tin thời gian h Địa điểm phần chúng"
1677137379195108,"thực sự giá chúng toàn hợp dành thể hàng tổ chức chương trình động chủ đề vui giao kết thời gian Địa điểm nguyễn tphcm nội tham gia thức học tạo phí dự viên lượng lòng đăng ký trung tâm mọi liên hệ tư"
468807196637000,"tài toàn quan tâm hàng đầu học công chức năng nhân sự kinh thể lý chuyên biệt dành hội thức gian chủ nhật thời h lượng buổi kết nam chi phí viên mọi thông tin vui lòng liên hệ thành chương trình nghiệp cách tổ hình điểm dụng tư thế"
503234193169664,"hội quận tphcm việt nam"
1108946245804839,"văn thời gian học thứ h Địa điểm chí minh nguyễn thông tin chi tiết tham gia hàng kinh cách giới công khách biệt tiếp vui viên chuyên nghiệp"
1645416069063738,"sinh viên tham dự chương trình công vui lòng tiếp hoặc thể liên hệ thông tin buổi lượng"
973469002664833,""
614363315369846,""
133798883645899,"sự thành công hội nghiệp chí minh tiếp hợp nam tổ chức tạo vui giải sinh thời gian diễn Địa điểm trung văn tphcm hàng thực gia dụng tham giao khách quan cơ lý tâm chương trình lòng liên hệ việt quận"
136941413335064,"thức dành trình thông chi tiết tập tiếp điểm hình sự kiện thể tham gia hãy sinh mọi buổi"
1517252088592543,"lượng ký thời gian thứ Địa điểm thông thể phí tham gia phần thức công tổ chức biệt khách dự mang bản dành sinh viên nội buổi trình diễn chủ đề học tập thực hiện chương hình mọi vui lòng liên hệ minh"
519090021584170,"nghiệp tham dự nhân phần giải giá động"
1398181920473000,"thứ thời gian Địa điểm trung tâm hội quận tphcm liên hệ mọi cách lượng khách nội nhân cơ bản đăng ký tham dự"
769324746530708,""
522359454596124,"tài thức lý cách đầu thành kinh nghiệp công sự tham gia minh tư việt nam hàng học tế chương trình nhân cơ bản dụng dự tập thể mang giá thực hãy kiện"
822077791243799,"mọi tham gia tổ chức động dành tphcm thể mang thức thời gian giải hàng sự kiện diễn nội toàn thành viên lý h chủ nhật"
654461881357842,"học sinh viên nội chương trình giải liên quan thời gian chủ nhật Địa điểm hội trường quận minh"
1284046531620841,""
942502089120677,"quận tham gia trường sinh thức cơ hội thành đầu việt nam kết hàng hãy thứ tiết h biệt buổi công nội tphcm"
186513501688889,"chương trình dành kinh thế công hình hợp việt nam"
805936946171777,""
543875712442279,""
1634561066796800,""
1665348500389983,"đầu sinh nhật thông thức tham gia cơ hội nam giao chúng dành buổi dự tin chí minh Địa điểm công thời gian chủ lượng phần cách tiếp hàng thể vui lòng tài diễn hoặc trường hợp hình nội đăng nguyễn chi quận tiết liên hệ"
1207592255933943,"chi minh"
509992435843792,"tham gia hội mang chủ đề cách động bản dành thời gian sinh viên thành hiện thực tập thể giải vui phần thông tin chi tiết thứ nhật Địa điểm phí hãy hình thức thế tư dự buổi đăng ký h"
843714479079121,"kết kinh nghiệm chương trình sinh viên tạo quan hệ hội đồng học tập công chí minh nhân tổ chức sự hình thành phát thế năng phần triển động tphcm"
792202657568490,""
122286908135599,"liên diễn tphcm phát thành quận hoặc văn"
352365844962785,""
372325806279445,"tin thành viên đăng hình ký tham gia"
1727916837436720,"thể thế giới tạo hệ quan thông tin hội hoặc cách chúng đầu thứ giá tham dự học thời phần cơ bản năng tiếp mang kết hãy đăng ký saigon gian sự tâm"
665696516910156,"cơ hội chương trình học tập dự tiếp nhật bản thông tin trường"
1233042353454614,"hiện nhân viên chuyên chúng mang tin sự tâm"
551919804971896,""
686337388133063,"vietnam chi minh"
1300065630019579,"việt thứ đầu nghiệp hãy phần phí liên hệ chúng hoặc tin"
1058521250847143,"nhật thông tin động tphcm liên minh sinh tham gia"
830956830352088,""
1629460350652117,"cơ hội đầu tư sinh kết giao nội thể sự kiện dự thành Địa điểm trung tâm thời gian giá thông tin đăng ký tham gia vui lòng liên hệ chúng chi tiết chuyên viên lý nguyễn tphcm"
1517804545199422,"chương trình diễn chuyên đề sự tham gia học viên thông tin chi tiết buổi nhật"
934165203347159,"Địa quận thành chí minh việt nam liên hệ phát triển kinh công quan nghiệp chúng thể lý mang giải thức thời nghiệm thực thế lượng nhân viên chương trình dụng chủ động tế sự học toàn giao tập hợp năng dành hàng tham gia phí tài đăng hình cách cơ hội khách gian tạo giá đề tiếp thông tin chuyên"
505814529591768,"việt vietnam hợp dự tạo hình bản thể hiện trường cách dụng động nam quốc gia sinh thành viên triển chí minh"
807337756046826,"tphcm chuyên đề tập động công chúng triển giới tài việt nam nguyễn gia văn thông tin thực hiện dụng thời đầu mang thế cách tạo hình minh kinh trung thành thể biệt tiếp bản"
1650607558527327,"chi minh vietnam saigon"
380347925486339,"học chương trình lý mang hình thức tập toàn viên kinh nghiệm phát triển tư năng sinh động thực tiếp cách đề tài hợp biệt tham gia"
892649937474491,"kết sự đồng nghiệm tham gia"
533714410128929,"vietnam saigon"
180347198968408,""
1485905395049069,"sinh học biệt mọi nhân chúng quan trình tạo hàng tài cách tham gia thức thời gian bản tập thực năng cơ diễn h lượng tổ chức công điểm kiện viên hoặc đăng ký tiếp tư"
551504168321268,"tiếp thành công học viên thông tin chi tiết nội thứ hàng thời lượng buổi cách ký phí nguyễn minh quận tphcm hoặc đăng"
1017664094920484,""
959475154113973,"thời gian đăng diễn chủ nhật Địa ký chi phí chương trình"
2111249605680682,"việt nam thể diễn dự nội lòng thành phát giá chí minh khách lý buổi vietnam"
630508290397731,"chi minh vietnam"
553994564753217,""
989215157823834,""
1151740234853898,"saigon trình diễn kinh"
1652058751713806,""
1681847088719406,"chủ đề nhân gia nguyễn thời gian điểm h thứ hội trường kinh tế quan đồng chức sinh thể động thực hiện thế hệ nam giới tiếp phát triển đầu tư trình diễn văn lý tâm liên kết cách hợp sự năng cơ bản việt dụng tham viên học tphcm chuyên chương tạo"
549192808571431,"dự văn giao thông quận trung tâm công nghiệp hợp hàng khách hệ"
1647507122170549,"hội tphcm tiếp tổ chức công viên văn thông mang nam chi tiết"
189186581416344,"chúng hàng thứ thế gian hội hiện thể nghiệp chương trình sự mọi nhân toàn sinh viên học công chức động nội gia hãy tham đồng tâm phát phần tài tin nam dành thành lượng phí chí minh h năng quan điểm chi tiết liên đăng tổ thức diễn vui"
940016226073543,"pm"
1712903448943953,"kinh nghiệm kết tư nhân sự nghiệp hiện việt nam dụng năng công viên thức chuyên thành bản giao tạo học trình thời gian h Địa điểm gia quận tphcm tham dự lượng vui lòng phí đăng ký"
906401222748379,"chúng thể sự kiện quan diễn nhân sinh nhật tổ chức buổi chương trình nam giao kết vui phần thực hiện đầu công mang cách biệt học hãy tạo chi tiết thời gian pm Địa điểm tphcm giá hình thức hoặc tiếp thành viên hàng quận tin liên thông mọi hệ"
665950596841543,"saigon"
893238854063197,"sinh tạo kiện học viên toàn quốc cơ hội giá tổ chức tập chúng tham gia thời giải đồng phần phí hình thông tin dự trường thể điểm cách quan hoặc phát hiện tư gian chương trình công kết tiếp liên hệ thực thứ hợp dành"
638776259596185,"học tiếp thứ văn chi quận tphcm vui lòng đăng ký hoặc thành trường công sinh viên bản hội tổ chức sự tạo chương trình thực tập cơ quan tâm dành quốc tế lượng giá gia thế giới liên kết nhân kinh chuyên toàn tư hiện động nghiệm kiện mang thể buổi"
1043554092355578,"chủ đề quan tâm biệt động hiện kết thành toàn thể hội điểm cách phát thực tế giải thức thế hệ triển chương trình tạo chức năng lý thời pm học Địa quận thông tin chi tiết đăng vui lòng"
840096532780434,"vietnam"
945773412167164,"saigon"
537514949731000,"tài giải giá giới việt nam thành công mang nghiệm diễn vui lòng đăng ký phí"
951818681522660,"thế hệ việt nam tổ chức buổi phí chủ đề chuyên nghiệp học sinh quan tâm hãy chúng thời gian h thứ Địa điểm hội quận thành chí minh lượng vui lòng đăng ký thông tin sự tiếp"
1728205167392156,"tổ chức dành thời gian thành viên tham dự giao chuyên đề gia sinh kết động vui chúng học tập chương trình buổi phần hội hợp thể nghiệm phát triển hình sự thông biệt giới nội nhân tiếp phí đăng ký"
1229112313782698,""
906639566051815,"thành viên tham gia đăng ký thời gian thứ chủ nhật đầu Địa điểm tập hợp trường chương trình học phí tiếp chuyên tin động thông tạo diễn nghiệp"
425697107630544,"thứ thời gian Địa saigon văn quan hãy chúng dự sinh giá toàn thực hiện vui lòng giao cơ hội học mang mọi đồng kết kinh nghiệm pm"
1026266517404863,"trung tâm tin học tphcm chương trình tạo chuyên dành đầu nội phí đề toàn phần bản đăng ký h thông chi tiết vui lòng"
143078432716580,"hàng công giá dành khách quan triển biệt hình"
454615604712551,"minh giá chuyên gia nghiệp tư"
465988266906746,"tạo vui giải gian cơ hội giao kết hoặc thể hiện năng bản trường chí động thông tổ chức chương trình tin thành viên đăng ký phí tham gia thời h Địa điểm học minh quận quốc lý nguyễn phần đầu công văn mọi lòng liên hệ"
901441069942273,"saigon"
1489600091342084,"giá"
426995257494915,"chi minh pm"
777733555669023,"cơ hội tiếp chương trình học quốc tế công thành nghiệp phần bản viên cách thức chuyên gia sinh trường kinh nghiệm hãy đăng ký thời gian phí nguyễn minh quận tphcm hoặc"
1690758604502588,"sự giới chủ đề diễn thức học cơ bản đồng thông nội chúng động gia dành hợp chương trình tham phần hội đăng nhật tin"
1484609308508052,"cách hoặc hãy hình thức toàn thành thế tham quan viên thông đầu quốc gia thời gian vui nghiệm chúng thực hiện động hội việt giới năng trường tạo hệ bản thể"
917672741659862,""
511804775649731,"hình tổ chức dự gian hàng thực thời sự kiện tham quan lòng điểm tâm văn dành mang việt nam nhật bản giá thứ chủ đầu trường gia vui liên hệ tư"
549624805200267,"vietnam nam sinh nhật buổi thông tin thời gian pm Địa điểm nguyễn quận tphcm giá hình thức hoặc tiếp vui lòng đăng tài nhân viên giao nội thể liên thành đầu hãy hiện hàng dành mang phần biệt chương trình công tham gia toàn kết chúng mọi hệ chi tiết"
901636653224227,"minh triển trường nội quan tâm chương trình học quốc tế kết thế giới tham dự hàng đầu thể vui dụng hãy gia thành chí sinh khách ký chúng sự kiện thứ hình phát chi"
